ENSG00000224389	C4B	EmoryTargets	CBE,DLPFC,FP,IFG,PHG,STG,TCX	NA	ENSG00000224389	C4B	1	1	ENSG00000224389_ENSG00000224389
ENSG00000224389	C4B	EmoryTargets	CBE,DLPFC,FP,IFG,PHG,STG,TCX	NA	ENSG00000138080	EMILIN1	0.0328571428571429	0.585420208452053	ENSG00000224389_ENSG00000138080
ENSG00000224389	C4B	EmoryTargets	CBE,DLPFC,FP,IFG,PHG,STG,TCX	NA	ENSG00000137411	VARS2	0.07	-0.0925850560758956	ENSG00000224389_ENSG00000137411
ENSG00000224389	C4B	EmoryTargets	CBE,DLPFC,FP,IFG,PHG,STG,TCX	NA	ENSG00000204428	LY6G5C	0.0585714285714286	-0.1123918911171	ENSG00000224389_ENSG00000204428
ENSG00000224389	C4B	EmoryTargets	CBE,DLPFC,FP,IFG,PHG,STG,TCX	NA	ENSG00000244731	C4A	0.487142857142857	0.70795799149953	ENSG00000224389_ENSG00000244731
ENSG00000224389	C4B	EmoryTargets	CBE,DLPFC,FP,IFG,PHG,STG,TCX	NA	ENSG00000179344	HLA-DQB1	0.0614285714285714	0.147235903964871	ENSG00000224389_ENSG00000179344
ENSG00000224389	C4B	EmoryTargets	CBE,DLPFC,FP,IFG,PHG,STG,TCX	NA	ENSG00000240583	AQP1	0.07	0.588147012227206	ENSG00000224389_ENSG00000240583
ENSG00000224389	C4B	EmoryTargets	CBE,DLPFC,FP,IFG,PHG,STG,TCX	NA	ENSG00000026508	CD44	0.0285714285714286	0.684696835703288	ENSG00000224389_ENSG00000026508
ENSG00000224389	C4B	EmoryTargets	CBE,DLPFC,FP,IFG,PHG,STG,TCX	NA	ENSG00000134817	APLNR	0.0585714285714286	0.676994480104409	ENSG00000224389_ENSG00000134817
ENSG00000224389	C4B	EmoryTargets	CBE,DLPFC,FP,IFG,PHG,STG,TCX	NA	ENSG00000134824	FADS2	0.04	0.476467844518651	ENSG00000224389_ENSG00000134824
ENSG00000224389	C4B	EmoryTargets	CBE,DLPFC,FP,IFG,PHG,STG,TCX	NA	ENSG00000133321	PLAAT4	0.0342857142857143	0.674536975281304	ENSG00000224389_ENSG00000133321
ENSG00000224389	C4B	EmoryTargets	CBE,DLPFC,FP,IFG,PHG,STG,TCX	NA	ENSG00000182326	C1S	0.0257142857142857	0.611266422446405	ENSG00000224389_ENSG00000182326
ENSG00000224389	C4B	EmoryTargets	CBE,DLPFC,FP,IFG,PHG,STG,TCX	NA	ENSG00000159403	C1R	0.03	0.629051194138256	ENSG00000224389_ENSG00000159403
ENSG00000224389	C4B	EmoryTargets	CBE,DLPFC,FP,IFG,PHG,STG,TCX	NA	ENSG00000139155	SLCO1C1	0.0257142857142857	0.359445850185448	ENSG00000224389_ENSG00000139155
ENSG00000224389	C4B	EmoryTargets	CBE,DLPFC,FP,IFG,PHG,STG,TCX	NA	ENSG00000088992	TESC	0.0257142857142857	-0.249851963373996	ENSG00000224389_ENSG00000088992
ENSG00000224389	C4B	EmoryTargets	CBE,DLPFC,FP,IFG,PHG,STG,TCX	NA	ENSG00000140067	FAM181A	0.0257142857142857	0.464387566130122	ENSG00000224389_ENSG00000140067
ENSG00000224389	C4B	EmoryTargets	CBE,DLPFC,FP,IFG,PHG,STG,TCX	NA	ENSG00000131095	GFAP	0.332857142857143	0.700087291186695	ENSG00000224389_ENSG00000131095
ENSG00000224389	C4B	EmoryTargets	CBE,DLPFC,FP,IFG,PHG,STG,TCX	NA	ENSG00000132470	ITGB4	0.0271428571428571	0.623254945097168	ENSG00000224389_ENSG00000132470
ENSG00000224389	C4B	EmoryTargets	CBE,DLPFC,FP,IFG,PHG,STG,TCX	NA	ENSG00000275395	FCGBP	0.0257142857142857	0.456442474018945	ENSG00000224389_ENSG00000275395
ENSG00000224389	C4B	EmoryTargets	CBE,DLPFC,FP,IFG,PHG,STG,TCX	NA	ENSG00000056998	GYG2	0.0614285714285714	0.588810338003251	ENSG00000224389_ENSG00000056998
ENSG00000224389	C4B	EmoryTargets	CBE,DLPFC,FP,IFG,PHG,STG,TCX	NA	ENSG00000069535	MAOB	0.28	0.671178610018978	ENSG00000224389_ENSG00000069535
ENSG00000224389	C4B	EmoryTargets	CBE,DLPFC,FP,IFG,PHG,STG,TCX	NA	ENSG00000064886	CHI3L2	0.06	0.571724900200996	ENSG00000224389_ENSG00000064886
ENSG00000224389	C4B	EmoryTargets	CBE,DLPFC,FP,IFG,PHG,STG,TCX	NA	ENSG00000157766	ACAN	0.0442857142857143	0.235314358715444	ENSG00000224389_ENSG00000157766
ENSG00000026508	CD44	EmoryTargets	CBE,DLPFC,FP,IFG,PHG,STG,TCX	NA	ENSG00000026508	CD44	1	1	ENSG00000026508_ENSG00000026508
ENSG00000026508	CD44	EmoryTargets	CBE,DLPFC,FP,IFG,PHG,STG,TCX	NA	ENSG00000162493	PDPN	0.108571428571429	0.651359660811068	ENSG00000026508_ENSG00000162493
ENSG00000026508	CD44	EmoryTargets	CBE,DLPFC,FP,IFG,PHG,STG,TCX	NA	ENSG00000145423	SFRP2	0.0557142857142857	0.189457263577431	ENSG00000026508_ENSG00000145423
ENSG00000026508	CD44	EmoryTargets	CBE,DLPFC,FP,IFG,PHG,STG,TCX	NA	ENSG00000131435	PDLIM4	0.0585714285714286	0.691678391103315	ENSG00000026508_ENSG00000131435
ENSG00000026508	CD44	EmoryTargets	CBE,DLPFC,FP,IFG,PHG,STG,TCX	NA	ENSG00000240583	AQP1	0.191428571428571	0.714319008102311	ENSG00000026508_ENSG00000240583
ENSG00000026508	CD44	EmoryTargets	CBE,DLPFC,FP,IFG,PHG,STG,TCX	NA	ENSG00000169902	TPST1	0.131428571428571	0.60865197459956	ENSG00000026508_ENSG00000169902
ENSG00000026508	CD44	EmoryTargets	CBE,DLPFC,FP,IFG,PHG,STG,TCX	NA	ENSG00000121005	CRISPLD1	0.0785714285714286	0.624210046058499	ENSG00000026508_ENSG00000121005
ENSG00000026508	CD44	EmoryTargets	CBE,DLPFC,FP,IFG,PHG,STG,TCX	NA	ENSG00000134817	APLNR	0.167142857142857	0.727086127363341	ENSG00000026508_ENSG00000134817
ENSG00000026508	CD44	EmoryTargets	CBE,DLPFC,FP,IFG,PHG,STG,TCX	NA	ENSG00000197696	NMB	0.0642857142857143	0.39779489563336	ENSG00000026508_ENSG00000197696
ENSG00000026508	CD44	EmoryTargets	CBE,DLPFC,FP,IFG,PHG,STG,TCX	NA	ENSG00000006327	TNFRSF12A	0.0571428571428571	0.53676270718717	ENSG00000026508_ENSG00000006327
ENSG00000026508	CD44	EmoryTargets	CBE,DLPFC,FP,IFG,PHG,STG,TCX	NA	ENSG00000183196	CHST6	0.0571428571428571	0.666042152881558	ENSG00000026508_ENSG00000183196
ENSG00000026508	CD44	EmoryTargets	CBE,DLPFC,FP,IFG,PHG,STG,TCX	NA	ENSG00000233670	PIRT	0.19	0.676324988550542	ENSG00000026508_ENSG00000233670
ENSG00000026508	CD44	EmoryTargets	CBE,DLPFC,FP,IFG,PHG,STG,TCX	NA	ENSG00000173805	HAP1	0.0557142857142857	0.393614811051463	ENSG00000026508_ENSG00000173805
ENSG00000026508	CD44	EmoryTargets	CBE,DLPFC,FP,IFG,PHG,STG,TCX	NA	ENSG00000131095	GFAP	0.0785714285714286	0.654756667368893	ENSG00000026508_ENSG00000131095
ENSG00000026508	CD44	EmoryTargets	CBE,DLPFC,FP,IFG,PHG,STG,TCX	NA	ENSG00000056998	GYG2	0.0585714285714286	0.632180021341505	ENSG00000026508_ENSG00000056998
ENSG00000026508	CD44	EmoryTargets	CBE,DLPFC,FP,IFG,PHG,STG,TCX	NA	ENSG00000101955	SRPX	0.0914285714285714	0.543618709952389	ENSG00000026508_ENSG00000101955
ENSG00000026508	CD44	EmoryTargets	CBE,DLPFC,FP,IFG,PHG,STG,TCX	NA	ENSG00000064886	CHI3L2	0.187142857142857	0.668363924685925	ENSG00000026508_ENSG00000064886
ENSG00000026508	CD44	EmoryTargets	CBE,DLPFC,FP,IFG,PHG,STG,TCX	NA	ENSG00000041982	TNC	0.374285714285714	0.560742599382542	ENSG00000026508_ENSG00000041982
ENSG00000026508	CD44	EmoryTargets	CBE,DLPFC,FP,IFG,PHG,STG,TCX	NA	ENSG00000108691	CCL2	0.0671428571428571	0.632219651580792	ENSG00000026508_ENSG00000108691
ENSG00000026508	CD44	EmoryTargets	CBE,DLPFC,FP,IFG,PHG,STG,TCX	NA	ENSG00000176170	SPHK1	0.0714285714285714	0.466224120966736	ENSG00000026508_ENSG00000176170
ENSG00000026508	CD44	EmoryTargets	CBE,DLPFC,FP,IFG,PHG,STG,TCX	NA	ENSG00000143772	ITPKB	0.0528571428571429	0.667409627264603	ENSG00000026508_ENSG00000143772
ENSG00000026508	CD44	EmoryTargets	CBE,DLPFC,FP,IFG,PHG,STG,TCX	NA	ENSG00000224389	C4B	0.0428571428571429	0.684696835703288	ENSG00000026508_ENSG00000224389
ENSG00000026508	CD44	EmoryTargets	CBE,DLPFC,FP,IFG,PHG,STG,TCX	NA	ENSG00000132481	TRIM47	0.0485714285714286	0.64648928244102	ENSG00000026508_ENSG00000132481
ENSG00000026508	CD44	EmoryTargets	CBE,DLPFC,FP,IFG,PHG,STG,TCX	NA	ENSG00000069535	MAOB	0.0471428571428571	0.617338564795819	ENSG00000026508_ENSG00000069535
ENSG00000026508	CD44	EmoryTargets	CBE,DLPFC,FP,IFG,PHG,STG,TCX	NA	ENSG00000275830	ENSG00000275830	0.0528571428571429	0.639986599988227	ENSG00000026508_ENSG00000275830
ENSG00000103187	COTL1	EmoryTargets	CBE,DLPFC,FP,IFG,PHG,STG,TCX	NA	ENSG00000103187	COTL1	1	1	ENSG00000103187_ENSG00000103187
ENSG00000103187	COTL1	EmoryTargets	CBE,DLPFC,FP,IFG,PHG,STG,TCX	NA	ENSG00000074800	ENO1	0.0328571428571429	0.427877915118943	ENSG00000103187_ENSG00000074800
ENSG00000103187	COTL1	EmoryTargets	CBE,DLPFC,FP,IFG,PHG,STG,TCX	NA	ENSG00000162729	IGSF8	0.0257142857142857	-0.377962772333813	ENSG00000103187_ENSG00000162729
ENSG00000103187	COTL1	EmoryTargets	CBE,DLPFC,FP,IFG,PHG,STG,TCX	NA	ENSG00000042493	CAPG	0.0428571428571429	0.691557723069189	ENSG00000103187_ENSG00000042493
ENSG00000103187	COTL1	EmoryTargets	CBE,DLPFC,FP,IFG,PHG,STG,TCX	NA	ENSG00000137198	GMPR	0.0342857142857143	0.59051291228596	ENSG00000103187_ENSG00000137198
ENSG00000103187	COTL1	EmoryTargets	CBE,DLPFC,FP,IFG,PHG,STG,TCX	NA	ENSG00000156535	CD109	0.0414285714285714	0.622949823728523	ENSG00000103187_ENSG00000156535
ENSG00000103187	COTL1	EmoryTargets	CBE,DLPFC,FP,IFG,PHG,STG,TCX	NA	ENSG00000254087	LYN	0.0242857142857143	0.50493734365105	ENSG00000103187_ENSG00000254087
ENSG00000103187	COTL1	EmoryTargets	CBE,DLPFC,FP,IFG,PHG,STG,TCX	NA	ENSG00000034677	RNF19A	0.0385714285714286	0.481438523543076	ENSG00000103187_ENSG00000034677
ENSG00000103187	COTL1	EmoryTargets	CBE,DLPFC,FP,IFG,PHG,STG,TCX	NA	ENSG00000106799	TGFBR1	0.0314285714285714	0.496963687177847	ENSG00000103187_ENSG00000106799
ENSG00000103187	COTL1	EmoryTargets	CBE,DLPFC,FP,IFG,PHG,STG,TCX	NA	ENSG00000148660	CAMK2G	0.0242857142857143	-0.0982423769562501	ENSG00000103187_ENSG00000148660
ENSG00000103187	COTL1	EmoryTargets	CBE,DLPFC,FP,IFG,PHG,STG,TCX	NA	ENSG00000148908	RGS10	0.0314285714285714	0.386203170758611	ENSG00000103187_ENSG00000148908
ENSG00000103187	COTL1	EmoryTargets	CBE,DLPFC,FP,IFG,PHG,STG,TCX	NA	ENSG00000087253	LPCAT2	0.0385714285714286	0.469445669152042	ENSG00000103187_ENSG00000087253
ENSG00000103187	COTL1	EmoryTargets	CBE,DLPFC,FP,IFG,PHG,STG,TCX	NA	ENSG00000161714	PLCD3	0.0457142857142857	0.526499370355639	ENSG00000103187_ENSG00000161714
ENSG00000103187	COTL1	EmoryTargets	CBE,DLPFC,FP,IFG,PHG,STG,TCX	NA	ENSG00000108798	ABI3	0.03	0.45629217958499	ENSG00000103187_ENSG00000108798
ENSG00000103187	COTL1	EmoryTargets	CBE,DLPFC,FP,IFG,PHG,STG,TCX	NA	ENSG00000184640	SEPTIN9	0.0642857142857143	0.38626795027005	ENSG00000103187_ENSG00000184640
ENSG00000103187	COTL1	EmoryTargets	CBE,DLPFC,FP,IFG,PHG,STG,TCX	NA	ENSG00000185624	P4HB	0.0328571428571429	0.393907058401008	ENSG00000103187_ENSG00000185624
ENSG00000103187	COTL1	EmoryTargets	CBE,DLPFC,FP,IFG,PHG,STG,TCX	NA	ENSG00000125730	C3	0.03	0.504176289889402	ENSG00000103187_ENSG00000125730
ENSG00000103187	COTL1	EmoryTargets	CBE,DLPFC,FP,IFG,PHG,STG,TCX	NA	ENSG00000101160	CTSZ	0.0271428571428571	0.462577175580436	ENSG00000103187_ENSG00000101160
ENSG00000103187	COTL1	EmoryTargets	CBE,DLPFC,FP,IFG,PHG,STG,TCX	NA	ENSG00000160216	AGPAT3	0.0428571428571429	0.22874985355022	ENSG00000103187_ENSG00000160216
ENSG00000103187	COTL1	EmoryTargets	CBE,DLPFC,FP,IFG,PHG,STG,TCX	NA	ENSG00000100003	SEC14L2	0.131428571428571	0.609934003417351	ENSG00000103187_ENSG00000100003
ENSG00000103187	COTL1	EmoryTargets	CBE,DLPFC,FP,IFG,PHG,STG,TCX	NA	ENSG00000235568	NFAM1	0.0285714285714286	0.412093410446804	ENSG00000103187_ENSG00000235568
ENSG00000164687	FABP5	EmoryTargets	CBE,DLPFC,FP,IFG,PHG,STG,TCX	NA	ENSG00000164687	FABP5	1	1	ENSG00000164687_ENSG00000164687
ENSG00000164687	FABP5	EmoryTargets	CBE,DLPFC,FP,IFG,PHG,STG,TCX	NA	ENSG00000162493	PDPN	0.0728571428571429	0.538292412450863	ENSG00000164687_ENSG00000162493
ENSG00000164687	FABP5	EmoryTargets	CBE,DLPFC,FP,IFG,PHG,STG,TCX	NA	ENSG00000088280	ASAP3	0.0442857142857143	0.477996060972367	ENSG00000164687_ENSG00000088280
ENSG00000164687	FABP5	EmoryTargets	CBE,DLPFC,FP,IFG,PHG,STG,TCX	NA	ENSG00000116717	GADD45A	0.12	0.540729076685787	ENSG00000164687_ENSG00000116717
ENSG00000164687	FABP5	EmoryTargets	CBE,DLPFC,FP,IFG,PHG,STG,TCX	NA	ENSG00000117525	F3	0.0771428571428571	0.610647668138344	ENSG00000164687_ENSG00000117525
ENSG00000164687	FABP5	EmoryTargets	CBE,DLPFC,FP,IFG,PHG,STG,TCX	NA	ENSG00000144677	CTDSPL	0.0428571428571429	-0.367730606943423	ENSG00000164687_ENSG00000144677
ENSG00000164687	FABP5	EmoryTargets	CBE,DLPFC,FP,IFG,PHG,STG,TCX	NA	ENSG00000186577	SMIM29	0.122857142857143	0.414472680623601	ENSG00000164687_ENSG00000186577
ENSG00000164687	FABP5	EmoryTargets	CBE,DLPFC,FP,IFG,PHG,STG,TCX	NA	ENSG00000112096	SOD2	0.0714285714285714	0.432094553417563	ENSG00000164687_ENSG00000112096
ENSG00000164687	FABP5	EmoryTargets	CBE,DLPFC,FP,IFG,PHG,STG,TCX	NA	ENSG00000177706	FAM20C	0.0514285714285714	0.425258406635941	ENSG00000164687_ENSG00000177706
ENSG00000164687	FABP5	EmoryTargets	CBE,DLPFC,FP,IFG,PHG,STG,TCX	NA	ENSG00000169902	TPST1	0.171428571428571	0.51054226564399	ENSG00000164687_ENSG00000169902
ENSG00000164687	FABP5	EmoryTargets	CBE,DLPFC,FP,IFG,PHG,STG,TCX	NA	ENSG00000121005	CRISPLD1	0.0514285714285714	0.46458727940511	ENSG00000164687_ENSG00000121005
ENSG00000164687	FABP5	EmoryTargets	CBE,DLPFC,FP,IFG,PHG,STG,TCX	NA	ENSG00000272425	ENSG00000272425	0.0471428571428571	0.321869710953175	ENSG00000164687_ENSG00000272425
ENSG00000164687	FABP5	EmoryTargets	CBE,DLPFC,FP,IFG,PHG,STG,TCX	NA	ENSG00000147588	PMP2	0.148571428571429	0.501543080916759	ENSG00000164687_ENSG00000147588
ENSG00000164687	FABP5	EmoryTargets	CBE,DLPFC,FP,IFG,PHG,STG,TCX	NA	ENSG00000247081	BAALC-AS1	0.0328571428571429	0.494309637092346	ENSG00000164687_ENSG00000247081
ENSG00000164687	FABP5	EmoryTargets	CBE,DLPFC,FP,IFG,PHG,STG,TCX	NA	ENSG00000173113	TRMT112	0.0428571428571429	0.0628235413126787	ENSG00000164687_ENSG00000173113
ENSG00000164687	FABP5	EmoryTargets	CBE,DLPFC,FP,IFG,PHG,STG,TCX	NA	ENSG00000111412	C12orf49	0.0342857142857143	0.212113613965794	ENSG00000164687_ENSG00000111412
ENSG00000164687	FABP5	EmoryTargets	CBE,DLPFC,FP,IFG,PHG,STG,TCX	NA	ENSG00000101040	ZMYND8	0.0385714285714286	-0.366828866109206	ENSG00000164687_ENSG00000101040
ENSG00000164687	FABP5	EmoryTargets	CBE,DLPFC,FP,IFG,PHG,STG,TCX	NA	ENSG00000149658	YTHDF1	0.04	0.358137467078599	ENSG00000164687_ENSG00000149658
ENSG00000164687	FABP5	EmoryTargets	CBE,DLPFC,FP,IFG,PHG,STG,TCX	NA	ENSG00000157514	TSC22D3	0.0414285714285714	-0.269636770736456	ENSG00000164687_ENSG00000157514
ENSG00000164687	FABP5	EmoryTargets	CBE,DLPFC,FP,IFG,PHG,STG,TCX	NA	ENSG00000183908	LRRC55	0.0328571428571429	0.270055167749827	ENSG00000164687_ENSG00000183908
ENSG00000164687	FABP5	EmoryTargets	CBE,DLPFC,FP,IFG,PHG,STG,TCX	NA	ENSG00000100336	APOL4	0.0528571428571429	0.463816450857886	ENSG00000164687_ENSG00000100336
ENSG00000106211	HSPB1	EmoryTargets	CBE,DLPFC,FP,IFG,PHG,STG,TCX	NA	ENSG00000106211	HSPB1	1	1	ENSG00000106211_ENSG00000106211
ENSG00000106211	HSPB1	EmoryTargets	CBE,DLPFC,FP,IFG,PHG,STG,TCX	NA	ENSG00000144381	HSPD1	0.0885714285714286	0.70681681307755	ENSG00000106211_ENSG00000144381
ENSG00000106211	HSPB1	EmoryTargets	CBE,DLPFC,FP,IFG,PHG,STG,TCX	NA	ENSG00000115541	HSPE1	0.118571428571429	0.57235547968761	ENSG00000106211_ENSG00000115541
ENSG00000106211	HSPB1	EmoryTargets	CBE,DLPFC,FP,IFG,PHG,STG,TCX	NA	ENSG00000163931	TKT	0.0442857142857143	0.487222823880546	ENSG00000106211_ENSG00000163931
ENSG00000106211	HSPB1	EmoryTargets	CBE,DLPFC,FP,IFG,PHG,STG,TCX	NA	ENSG00000129116	PALLD	0.0585714285714286	0.6056199791915	ENSG00000106211_ENSG00000129116
ENSG00000106211	HSPB1	EmoryTargets	CBE,DLPFC,FP,IFG,PHG,STG,TCX	NA	ENSG00000204389	HSPA1A	0.19	0.756160931659427	ENSG00000106211_ENSG00000204389
ENSG00000106211	HSPB1	EmoryTargets	CBE,DLPFC,FP,IFG,PHG,STG,TCX	NA	ENSG00000204388	HSPA1B	0.0857142857142857	0.689285649948928	ENSG00000106211_ENSG00000204388
ENSG00000106211	HSPB1	EmoryTargets	CBE,DLPFC,FP,IFG,PHG,STG,TCX	NA	ENSG00000112110	MRPL18	0.0314285714285714	0.402955962460689	ENSG00000106211_ENSG00000112110
ENSG00000106211	HSPB1	EmoryTargets	CBE,DLPFC,FP,IFG,PHG,STG,TCX	NA	ENSG00000044574	HSPA5	0.0414285714285714	0.61715144714509	ENSG00000106211_ENSG00000044574
ENSG00000106211	HSPB1	EmoryTargets	CBE,DLPFC,FP,IFG,PHG,STG,TCX	NA	ENSG00000151929	BAG3	0.0328571428571429	0.657385473446629	ENSG00000106211_ENSG00000151929
ENSG00000106211	HSPB1	EmoryTargets	CBE,DLPFC,FP,IFG,PHG,STG,TCX	NA	ENSG00000149257	SERPINH1	0.0385714285714286	0.725207962077771	ENSG00000106211_ENSG00000149257
ENSG00000106211	HSPB1	EmoryTargets	CBE,DLPFC,FP,IFG,PHG,STG,TCX	NA	ENSG00000109846	CRYAB	0.128571428571429	0.641643188981689	ENSG00000106211_ENSG00000109846
ENSG00000106211	HSPB1	EmoryTargets	CBE,DLPFC,FP,IFG,PHG,STG,TCX	NA	ENSG00000110958	PTGES3	0.0542857142857143	0.552597649465524	ENSG00000106211_ENSG00000110958
ENSG00000106211	HSPB1	EmoryTargets	CBE,DLPFC,FP,IFG,PHG,STG,TCX	NA	ENSG00000152137	HSPB8	0.0985714285714286	0.641203432614307	ENSG00000106211_ENSG00000152137
ENSG00000106211	HSPB1	EmoryTargets	CBE,DLPFC,FP,IFG,PHG,STG,TCX	NA	ENSG00000120694	HSPH1	0.0514285714285714	0.464126144721492	ENSG00000106211_ENSG00000120694
ENSG00000106211	HSPB1	EmoryTargets	CBE,DLPFC,FP,IFG,PHG,STG,TCX	NA	ENSG00000140403	DNAJA4	0.0371428571428571	0.190430944780399	ENSG00000106211_ENSG00000140403
ENSG00000106211	HSPB1	EmoryTargets	CBE,DLPFC,FP,IFG,PHG,STG,TCX	NA	ENSG00000258472	ENSG00000258472	0.0328571428571429	0.295454861666139	ENSG00000106211_ENSG00000258472
ENSG00000106211	HSPB1	EmoryTargets	CBE,DLPFC,FP,IFG,PHG,STG,TCX	NA	ENSG00000132002	DNAJB1	0.0314285714285714	0.700817754664909	ENSG00000106211_ENSG00000132002
ENSG00000106211	HSPB1	EmoryTargets	CBE,DLPFC,FP,IFG,PHG,STG,TCX	NA	ENSG00000099797	TECR	0.0542857142857143	0.262083860891399	ENSG00000106211_ENSG00000099797
ENSG00000106211	HSPB1	EmoryTargets	CBE,DLPFC,FP,IFG,PHG,STG,TCX	NA	ENSG00000254858	MPV17L2	0.0342857142857143	-0.0902633425975126	ENSG00000106211_ENSG00000254858
ENSG00000106211	HSPB1	EmoryTargets	CBE,DLPFC,FP,IFG,PHG,STG,TCX	NA	ENSG00000275830	ENSG00000275830	0.0585714285714286	0.597387013950899	ENSG00000106211_ENSG00000275830
ENSG00000079462	PAFAH1B3	EmoryTargets	CBE,DLPFC,FP,IFG,PHG,STG,TCX	NA	ENSG00000079462	PAFAH1B3	1	1	ENSG00000079462_ENSG00000079462
ENSG00000079462	PAFAH1B3	EmoryTargets	CBE,DLPFC,FP,IFG,PHG,STG,TCX	NA	ENSG00000116661	FBXO2	0.0628571428571429	0.415473338581516	ENSG00000079462_ENSG00000116661
ENSG00000079462	PAFAH1B3	EmoryTargets	CBE,DLPFC,FP,IFG,PHG,STG,TCX	NA	ENSG00000197956	S100A6	0.0314285714285714	0.280349766534764	ENSG00000079462_ENSG00000197956
ENSG00000079462	PAFAH1B3	EmoryTargets	CBE,DLPFC,FP,IFG,PHG,STG,TCX	NA	ENSG00000068745	IP6K2	0.0328571428571429	0.369926111992682	ENSG00000079462_ENSG00000068745
ENSG00000079462	PAFAH1B3	EmoryTargets	CBE,DLPFC,FP,IFG,PHG,STG,TCX	NA	ENSG00000146066	HIGD2A	0.04	0.235088957463677	ENSG00000079462_ENSG00000146066
ENSG00000079462	PAFAH1B3	EmoryTargets	CBE,DLPFC,FP,IFG,PHG,STG,TCX	NA	ENSG00000160991	ORAI2	0.03	0.419501986019533	ENSG00000079462_ENSG00000160991
ENSG00000079462	PAFAH1B3	EmoryTargets	CBE,DLPFC,FP,IFG,PHG,STG,TCX	NA	ENSG00000128524	ATP6V1F	0.0442857142857143	0.373218248970298	ENSG00000079462_ENSG00000128524
ENSG00000079462	PAFAH1B3	EmoryTargets	CBE,DLPFC,FP,IFG,PHG,STG,TCX	NA	ENSG00000133315	MACROD1	0.0885714285714286	0.310069867974337	ENSG00000079462_ENSG00000133315
ENSG00000079462	PAFAH1B3	EmoryTargets	CBE,DLPFC,FP,IFG,PHG,STG,TCX	NA	ENSG00000110047	EHD1	0.0271428571428571	0.123952963619395	ENSG00000079462_ENSG00000110047
ENSG00000079462	PAFAH1B3	EmoryTargets	CBE,DLPFC,FP,IFG,PHG,STG,TCX	NA	ENSG00000149591	TAGLN	0.0385714285714286	-0.166460483797122	ENSG00000079462_ENSG00000149591
ENSG00000079462	PAFAH1B3	EmoryTargets	CBE,DLPFC,FP,IFG,PHG,STG,TCX	NA	ENSG00000159335	PTMS	0.06	0.399460751079205	ENSG00000079462_ENSG00000159335
ENSG00000079462	PAFAH1B3	EmoryTargets	CBE,DLPFC,FP,IFG,PHG,STG,TCX	NA	ENSG00000103363	ELOB	0.0557142857142857	0.257389966985596	ENSG00000079462_ENSG00000103363
ENSG00000079462	PAFAH1B3	EmoryTargets	CBE,DLPFC,FP,IFG,PHG,STG,TCX	NA	ENSG00000172137	CALB2	0.0657142857142857	0.341028586026339	ENSG00000079462_ENSG00000172137
ENSG00000079462	PAFAH1B3	EmoryTargets	CBE,DLPFC,FP,IFG,PHG,STG,TCX	NA	ENSG00000172301	COPRS	0.05	0.488152725306212	ENSG00000079462_ENSG00000172301
ENSG00000079462	PAFAH1B3	EmoryTargets	CBE,DLPFC,FP,IFG,PHG,STG,TCX	NA	ENSG00000179271	GADD45GIP1	0.12	0.351925420966149	ENSG00000079462_ENSG00000179271
ENSG00000079462	PAFAH1B3	EmoryTargets	CBE,DLPFC,FP,IFG,PHG,STG,TCX	NA	ENSG00000187867	PALM3	0.0285714285714286	0.277981300844539	ENSG00000079462_ENSG00000187867
ENSG00000079462	PAFAH1B3	EmoryTargets	CBE,DLPFC,FP,IFG,PHG,STG,TCX	NA	ENSG00000079432	CIC	0.162857142857143	0.180346507936388	ENSG00000079462_ENSG00000079432
ENSG00000079462	PAFAH1B3	EmoryTargets	CBE,DLPFC,FP,IFG,PHG,STG,TCX	NA	ENSG00000087076	HSD17B14	0.04	0.121023188847413	ENSG00000079462_ENSG00000087076
ENSG00000079462	PAFAH1B3	EmoryTargets	CBE,DLPFC,FP,IFG,PHG,STG,TCX	NA	ENSG00000080189	SLC35C2	0.05	-0.283524809517991	ENSG00000079462_ENSG00000080189
ENSG00000079462	PAFAH1B3	EmoryTargets	CBE,DLPFC,FP,IFG,PHG,STG,TCX	NA	ENSG00000003096	KLHL13	0.0385714285714286	0.277043642472544	ENSG00000079462_ENSG00000003096
ENSG00000116288	PARK7	EmoryTargets	CBE,DLPFC,FP,IFG,PHG,STG,TCX	NA	ENSG00000116288	PARK7	1	1	ENSG00000116288_ENSG00000116288
ENSG00000116288	PARK7	EmoryTargets	CBE,DLPFC,FP,IFG,PHG,STG,TCX	NA	ENSG00000116661	FBXO2	0.0471428571428571	0.346089152593876	ENSG00000116288_ENSG00000116661
ENSG00000116288	PARK7	EmoryTargets	CBE,DLPFC,FP,IFG,PHG,STG,TCX	NA	ENSG00000135624	CCT7	0.155714285714286	0.316972765646125	ENSG00000116288_ENSG00000135624
ENSG00000116288	PARK7	EmoryTargets	CBE,DLPFC,FP,IFG,PHG,STG,TCX	NA	ENSG00000178988	MRFAP1L1	0.0528571428571429	0.277289663814622	ENSG00000116288_ENSG00000178988
ENSG00000116288	PARK7	EmoryTargets	CBE,DLPFC,FP,IFG,PHG,STG,TCX	NA	ENSG00000127184	COX7C	0.14	0.499752082861228	ENSG00000116288_ENSG00000127184
ENSG00000116288	PARK7	EmoryTargets	CBE,DLPFC,FP,IFG,PHG,STG,TCX	NA	ENSG00000111843	TMEM14C	0.0742857142857143	0.295439012520609	ENSG00000116288_ENSG00000111843
ENSG00000116288	PARK7	EmoryTargets	CBE,DLPFC,FP,IFG,PHG,STG,TCX	NA	ENSG00000112304	ACOT13	0.0485714285714286	0.220295601558964	ENSG00000116288_ENSG00000112304
ENSG00000116288	PARK7	EmoryTargets	CBE,DLPFC,FP,IFG,PHG,STG,TCX	NA	ENSG00000196262	PPIA	0.0357142857142857	0.292387464447049	ENSG00000116288_ENSG00000196262
ENSG00000116288	PARK7	EmoryTargets	CBE,DLPFC,FP,IFG,PHG,STG,TCX	NA	ENSG00000128524	ATP6V1F	0.0442857142857143	0.141607124173462	ENSG00000116288_ENSG00000128524
ENSG00000116288	PARK7	EmoryTargets	CBE,DLPFC,FP,IFG,PHG,STG,TCX	NA	ENSG00000119421	NDUFA8	0.0671428571428571	0.409345868694969	ENSG00000116288_ENSG00000119421
ENSG00000116288	PARK7	EmoryTargets	CBE,DLPFC,FP,IFG,PHG,STG,TCX	NA	ENSG00000107537	PHYH	0.0371428571428571	0.215644720396859	ENSG00000116288_ENSG00000107537
ENSG00000116288	PARK7	EmoryTargets	CBE,DLPFC,FP,IFG,PHG,STG,TCX	NA	ENSG00000165406	MARCHF8	0.0542857142857143	0.11308596630307	ENSG00000116288_ENSG00000165406
ENSG00000116288	PARK7	EmoryTargets	CBE,DLPFC,FP,IFG,PHG,STG,TCX	NA	ENSG00000166902	MRPL16	0.157142857142857	0.37806666529007	ENSG00000116288_ENSG00000166902
ENSG00000116288	PARK7	EmoryTargets	CBE,DLPFC,FP,IFG,PHG,STG,TCX	NA	ENSG00000100804	PSMB5	0.07	0.367931805021269	ENSG00000116288_ENSG00000100804
ENSG00000116288	PARK7	EmoryTargets	CBE,DLPFC,FP,IFG,PHG,STG,TCX	NA	ENSG00000140319	SRP14	0.0414285714285714	0.299044023332596	ENSG00000116288_ENSG00000140319
ENSG00000116288	PARK7	EmoryTargets	CBE,DLPFC,FP,IFG,PHG,STG,TCX	NA	ENSG00000178741	COX5A	0.05	0.325953790052228	ENSG00000116288_ENSG00000178741
ENSG00000116288	PARK7	EmoryTargets	CBE,DLPFC,FP,IFG,PHG,STG,TCX	NA	ENSG00000034713	GABARAPL2	0.0357142857142857	0.225823189374104	ENSG00000116288_ENSG00000034713
ENSG00000116288	PARK7	EmoryTargets	CBE,DLPFC,FP,IFG,PHG,STG,TCX	NA	ENSG00000142507	PSMB6	0.07	0.368744927508928	ENSG00000116288_ENSG00000142507
ENSG00000116288	PARK7	EmoryTargets	CBE,DLPFC,FP,IFG,PHG,STG,TCX	NA	ENSG00000141552	ANAPC11	0.0385714285714286	0.393456905403152	ENSG00000116288_ENSG00000141552
ENSG00000116288	PARK7	EmoryTargets	CBE,DLPFC,FP,IFG,PHG,STG,TCX	NA	ENSG00000198258	UBL5	0.0628571428571429	0.353864303265063	ENSG00000116288_ENSG00000198258
ENSG00000116288	PARK7	EmoryTargets	CBE,DLPFC,FP,IFG,PHG,STG,TCX	NA	ENSG00000142168	SOD1	0.118571428571429	0.397898048199573	ENSG00000116288_ENSG00000142168
ENSG00000178209	PLEC	EmoryTargets	CBE,DLPFC,FP,IFG,PHG,STG,TCX	NA	ENSG00000178209	PLEC	1	1	ENSG00000178209_ENSG00000178209
ENSG00000178209	PLEC	EmoryTargets	CBE,DLPFC,FP,IFG,PHG,STG,TCX	NA	ENSG00000187634	SAMD11	0.0357142857142857	0.356325078979866	ENSG00000178209_ENSG00000187634
ENSG00000178209	PLEC	EmoryTargets	CBE,DLPFC,FP,IFG,PHG,STG,TCX	NA	ENSG00000136002	ARHGEF4	0.05	0.489782961205299	ENSG00000178209_ENSG00000136002
ENSG00000178209	PLEC	EmoryTargets	CBE,DLPFC,FP,IFG,PHG,STG,TCX	NA	ENSG00000185818	NAT8L	0.0385714285714286	0.219672477786561	ENSG00000178209_ENSG00000185818
ENSG00000178209	PLEC	EmoryTargets	CBE,DLPFC,FP,IFG,PHG,STG,TCX	NA	ENSG00000145423	SFRP2	0.0542857142857143	0.327619769357158	ENSG00000178209_ENSG00000145423
ENSG00000178209	PLEC	EmoryTargets	CBE,DLPFC,FP,IFG,PHG,STG,TCX	NA	ENSG00000168477	TNXB	0.07	0.374089524645769	ENSG00000178209_ENSG00000168477
ENSG00000178209	PLEC	EmoryTargets	CBE,DLPFC,FP,IFG,PHG,STG,TCX	NA	ENSG00000164530	PI16	0.0371428571428571	0.40689055463863	ENSG00000178209_ENSG00000164530
ENSG00000178209	PLEC	EmoryTargets	CBE,DLPFC,FP,IFG,PHG,STG,TCX	NA	ENSG00000182095	TNRC18	0.0514285714285714	0.441266222827253	ENSG00000178209_ENSG00000182095
ENSG00000178209	PLEC	EmoryTargets	CBE,DLPFC,FP,IFG,PHG,STG,TCX	NA	ENSG00000164823	OSGIN2	0.0642857142857143	0.311041638705329	ENSG00000178209_ENSG00000164823
ENSG00000178209	PLEC	EmoryTargets	CBE,DLPFC,FP,IFG,PHG,STG,TCX	NA	ENSG00000158106	RHPN1	0.182857142857143	0.399008715970468	ENSG00000178209_ENSG00000158106
ENSG00000178209	PLEC	EmoryTargets	CBE,DLPFC,FP,IFG,PHG,STG,TCX	NA	ENSG00000178685	PARP10	0.0442857142857143	0.433386601641621	ENSG00000178209_ENSG00000178685
ENSG00000178209	PLEC	EmoryTargets	CBE,DLPFC,FP,IFG,PHG,STG,TCX	NA	ENSG00000148204	CRB2	0.08	0.516363502405907	ENSG00000178209_ENSG00000148204
ENSG00000178209	PLEC	EmoryTargets	CBE,DLPFC,FP,IFG,PHG,STG,TCX	NA	ENSG00000070047	PHRF1	0.0371428571428571	0.279300525199133	ENSG00000178209_ENSG00000070047
ENSG00000178209	PLEC	EmoryTargets	CBE,DLPFC,FP,IFG,PHG,STG,TCX	NA	ENSG00000111676	ATN1	0.0357142857142857	0.522365654077472	ENSG00000178209_ENSG00000111676
ENSG00000178209	PLEC	EmoryTargets	CBE,DLPFC,FP,IFG,PHG,STG,TCX	NA	ENSG00000167548	KMT2D	0.0371428571428571	0.322213527787187	ENSG00000178209_ENSG00000167548
ENSG00000178209	PLEC	EmoryTargets	CBE,DLPFC,FP,IFG,PHG,STG,TCX	NA	ENSG00000183495	EP400	0.0457142857142857	0.330747193780103	ENSG00000178209_ENSG00000183495
ENSG00000178209	PLEC	EmoryTargets	CBE,DLPFC,FP,IFG,PHG,STG,TCX	NA	ENSG00000167971	CASKIN1	0.112857142857143	0.227594542612597	ENSG00000178209_ENSG00000167971
ENSG00000178209	PLEC	EmoryTargets	CBE,DLPFC,FP,IFG,PHG,STG,TCX	NA	ENSG00000115266	APC2	0.232857142857143	0.493249182581237	ENSG00000178209_ENSG00000115266
ENSG00000178209	PLEC	EmoryTargets	CBE,DLPFC,FP,IFG,PHG,STG,TCX	NA	ENSG00000074855	ANO8	0.222857142857143	0.490509638478851	ENSG00000178209_ENSG00000074855
ENSG00000178209	PLEC	EmoryTargets	CBE,DLPFC,FP,IFG,PHG,STG,TCX	NA	ENSG00000196576	PLXNB2	0.145714285714286	0.630636671803714	ENSG00000178209_ENSG00000196576
ENSG00000178209	PLEC	EmoryTargets	CBE,DLPFC,FP,IFG,PHG,STG,TCX	NA	ENSG00000134817	APLNR	0.0271428571428571	0.425298698100492	ENSG00000178209_ENSG00000134817
ENSG00000178209	PLEC	EmoryTargets	CBE,DLPFC,FP,IFG,PHG,STG,TCX	NA	ENSG00000102038	SMARCA1	0.0285714285714286	0.433085128230164	ENSG00000178209_ENSG00000102038
ENSG00000117450	PRDX1	EmoryTargets	CBE,DLPFC,FP,IFG,PHG,STG,TCX	NA	ENSG00000117450	PRDX1	1	1	ENSG00000117450_ENSG00000117450
ENSG00000117450	PRDX1	EmoryTargets	CBE,DLPFC,FP,IFG,PHG,STG,TCX	NA	ENSG00000172380	GNG12	0.0514285714285714	0.678294341362506	ENSG00000117450_ENSG00000172380
ENSG00000117450	PRDX1	EmoryTargets	CBE,DLPFC,FP,IFG,PHG,STG,TCX	NA	ENSG00000115128	SF3B6	0.131428571428571	0.617365579968383	ENSG00000117450_ENSG00000115128
ENSG00000117450	PRDX1	EmoryTargets	CBE,DLPFC,FP,IFG,PHG,STG,TCX	NA	ENSG00000143977	SNRPG	0.0357142857142857	0.501059875569067	ENSG00000117450_ENSG00000143977
ENSG00000117450	PRDX1	EmoryTargets	CBE,DLPFC,FP,IFG,PHG,STG,TCX	NA	ENSG00000144028	SNRNP200	0.0357142857142857	0.2564015517825	ENSG00000117450_ENSG00000144028
ENSG00000117450	PRDX1	EmoryTargets	CBE,DLPFC,FP,IFG,PHG,STG,TCX	NA	ENSG00000075785	RAB7A	0.0328571428571429	0.117843877123279	ENSG00000117450_ENSG00000075785
ENSG00000117450	PRDX1	EmoryTargets	CBE,DLPFC,FP,IFG,PHG,STG,TCX	NA	ENSG00000250317	SMIM20	0.0485714285714286	0.496278616851933	ENSG00000117450_ENSG00000250317
ENSG00000117450	PRDX1	EmoryTargets	CBE,DLPFC,FP,IFG,PHG,STG,TCX	NA	ENSG00000164039	BDH2	0.0514285714285714	0.528797898139415	ENSG00000117450_ENSG00000164039
ENSG00000117450	PRDX1	EmoryTargets	CBE,DLPFC,FP,IFG,PHG,STG,TCX	NA	ENSG00000113732	ATP6V0E1	0.0342857142857143	0.686365459250872	ENSG00000117450_ENSG00000113732
ENSG00000117450	PRDX1	EmoryTargets	CBE,DLPFC,FP,IFG,PHG,STG,TCX	NA	ENSG00000214194	SMIM30	0.0342857142857143	0.565213203748359	ENSG00000117450_ENSG00000214194
ENSG00000117450	PRDX1	EmoryTargets	CBE,DLPFC,FP,IFG,PHG,STG,TCX	NA	ENSG00000196139	AKR1C3	0.0514285714285714	0.502871159927029	ENSG00000117450_ENSG00000196139
ENSG00000117450	PRDX1	EmoryTargets	CBE,DLPFC,FP,IFG,PHG,STG,TCX	NA	ENSG00000173915	ATP5MD	0.0342857142857143	0.010577109247615	ENSG00000117450_ENSG00000173915
ENSG00000117450	PRDX1	EmoryTargets	CBE,DLPFC,FP,IFG,PHG,STG,TCX	NA	ENSG00000084207	GSTP1	0.0314285714285714	0.668915398390361	ENSG00000117450_ENSG00000084207
ENSG00000117450	PRDX1	EmoryTargets	CBE,DLPFC,FP,IFG,PHG,STG,TCX	NA	ENSG00000075239	ACAT1	0.0314285714285714	0.311198176037879	ENSG00000117450_ENSG00000075239
ENSG00000117450	PRDX1	EmoryTargets	CBE,DLPFC,FP,IFG,PHG,STG,TCX	NA	ENSG00000134873	CLDN10	0.0471428571428571	0.394774035869686	ENSG00000117450_ENSG00000134873
ENSG00000117450	PRDX1	EmoryTargets	CBE,DLPFC,FP,IFG,PHG,STG,TCX	NA	ENSG00000129562	DAD1	0.0385714285714286	0.685070843102055	ENSG00000117450_ENSG00000129562
ENSG00000117450	PRDX1	EmoryTargets	CBE,DLPFC,FP,IFG,PHG,STG,TCX	NA	ENSG00000126821	SGPP1	0.0385714285714286	-0.0210582794522068	ENSG00000117450_ENSG00000126821
ENSG00000117450	PRDX1	EmoryTargets	CBE,DLPFC,FP,IFG,PHG,STG,TCX	NA	ENSG00000167085	PHB	0.0628571428571429	0.443351931447879	ENSG00000117450_ENSG00000167085
ENSG00000117450	PRDX1	EmoryTargets	CBE,DLPFC,FP,IFG,PHG,STG,TCX	NA	ENSG00000171885	AQP4	0.05	0.641959982722978	ENSG00000117450_ENSG00000171885
ENSG00000117450	PRDX1	EmoryTargets	CBE,DLPFC,FP,IFG,PHG,STG,TCX	NA	ENSG00000180964	TCEAL8	0.04	0.297592975213932	ENSG00000117450_ENSG00000180964
ENSG00000104332	SFRP1	EmoryTargets	CBE,DLPFC,FP,IFG,PHG,STG,TCX	NA	ENSG00000104332	SFRP1	1	1	ENSG00000104332_ENSG00000104332
ENSG00000104332	SFRP1	EmoryTargets	CBE,DLPFC,FP,IFG,PHG,STG,TCX	NA	ENSG00000235098	ANKRD65	0.0328571428571429	0.327966914675573	ENSG00000104332_ENSG00000235098
ENSG00000104332	SFRP1	EmoryTargets	CBE,DLPFC,FP,IFG,PHG,STG,TCX	NA	ENSG00000187957	DNER	0.0285714285714286	0.426119313872568	ENSG00000104332_ENSG00000187957
ENSG00000104332	SFRP1	EmoryTargets	CBE,DLPFC,FP,IFG,PHG,STG,TCX	NA	ENSG00000249992	TMEM158	0.02	-0.0999017182384754	ENSG00000104332_ENSG00000249992
ENSG00000104332	SFRP1	EmoryTargets	CBE,DLPFC,FP,IFG,PHG,STG,TCX	NA	ENSG00000157404	KIT	0.0757142857142857	0.0594267529464709	ENSG00000104332_ENSG00000157404
ENSG00000104332	SFRP1	EmoryTargets	CBE,DLPFC,FP,IFG,PHG,STG,TCX	NA	ENSG00000221914	PPP2R2A	0.0271428571428571	0.271941226006357	ENSG00000104332_ENSG00000221914
ENSG00000104332	SFRP1	EmoryTargets	CBE,DLPFC,FP,IFG,PHG,STG,TCX	NA	ENSG00000147533	GOLGA7	0.464285714285714	0.58435217011538	ENSG00000104332_ENSG00000147533
ENSG00000104332	SFRP1	EmoryTargets	CBE,DLPFC,FP,IFG,PHG,STG,TCX	NA	ENSG00000170873	MTSS1	0.0285714285714286	0.47870758915123	ENSG00000104332_ENSG00000170873
ENSG00000104332	SFRP1	EmoryTargets	CBE,DLPFC,FP,IFG,PHG,STG,TCX	NA	ENSG00000155158	TTC39B	0.0271428571428571	-0.287965728770307	ENSG00000104332_ENSG00000155158
ENSG00000104332	SFRP1	EmoryTargets	CBE,DLPFC,FP,IFG,PHG,STG,TCX	NA	ENSG00000125485	DDX31	0.0214285714285714	0.225559862848556	ENSG00000104332_ENSG00000125485
ENSG00000104332	SFRP1	EmoryTargets	CBE,DLPFC,FP,IFG,PHG,STG,TCX	NA	ENSG00000179104	TMTC2	0.0371428571428571	0.577886860453503	ENSG00000104332_ENSG00000179104
ENSG00000104332	SFRP1	EmoryTargets	CBE,DLPFC,FP,IFG,PHG,STG,TCX	NA	ENSG00000165553	NGB	0.0371428571428571	-0.146307936393076	ENSG00000104332_ENSG00000165553
ENSG00000104332	SFRP1	EmoryTargets	CBE,DLPFC,FP,IFG,PHG,STG,TCX	NA	ENSG00000166923	GREM1	0.0485714285714286	0.454477222066651	ENSG00000104332_ENSG00000166923
ENSG00000104332	SFRP1	EmoryTargets	CBE,DLPFC,FP,IFG,PHG,STG,TCX	NA	ENSG00000259583	ENSG00000259583	0.0314285714285714	-0.267628023692386	ENSG00000104332_ENSG00000259583
ENSG00000104332	SFRP1	EmoryTargets	CBE,DLPFC,FP,IFG,PHG,STG,TCX	NA	ENSG00000131149	GSE1	0.0171428571428571	-0.0779915019000092	ENSG00000104332_ENSG00000131149
ENSG00000104332	SFRP1	EmoryTargets	CBE,DLPFC,FP,IFG,PHG,STG,TCX	NA	ENSG00000130005	GAMT	0.0142857142857143	0.348631307837275	ENSG00000104332_ENSG00000130005
ENSG00000104332	SFRP1	EmoryTargets	CBE,DLPFC,FP,IFG,PHG,STG,TCX	NA	ENSG00000124207	CSE1L	0.0185714285714286	0.385015290018928	ENSG00000104332_ENSG00000124207
ENSG00000104332	SFRP1	EmoryTargets	CBE,DLPFC,FP,IFG,PHG,STG,TCX	NA	ENSG00000100068	LRP5L	0.0314285714285714	-0.0719087557941226	ENSG00000104332_ENSG00000100068
ENSG00000104332	SFRP1	EmoryTargets	CBE,DLPFC,FP,IFG,PHG,STG,TCX	NA	ENSG00000237166	LINC01792	0.0257142857142857	0.480698605650047	ENSG00000104332_ENSG00000237166
ENSG00000104332	SFRP1	EmoryTargets	CBE,DLPFC,FP,IFG,PHG,STG,TCX	NA	ENSG00000105989	WNT2	0.0228571428571429	-0.0555113000684305	ENSG00000104332_ENSG00000105989
ENSG00000104332	SFRP1	EmoryTargets	CBE,DLPFC,FP,IFG,PHG,STG,TCX	NA	ENSG00000268089	GABRQ	0.0385714285714286	0.0359684297054579	ENSG00000104332_ENSG00000268089
ENSG00000104332	SFRP1	EmoryTargets	CBE,DLPFC,FP,IFG,PHG,STG,TCX	NA	ENSG00000117707	PROX1	0.03	0.544417328964675	ENSG00000104332_ENSG00000117707
ENSG00000104332	SFRP1	EmoryTargets	CBE,DLPFC,FP,IFG,PHG,STG,TCX	NA	ENSG00000114450	GNB4	0.0271428571428571	0.045687482938552	ENSG00000104332_ENSG00000114450
ENSG00000104332	SFRP1	EmoryTargets	CBE,DLPFC,FP,IFG,PHG,STG,TCX	NA	ENSG00000124406	ATP8A1	0.0271428571428571	0.383797841858425	ENSG00000104332_ENSG00000124406
ENSG00000104332	SFRP1	EmoryTargets	CBE,DLPFC,FP,IFG,PHG,STG,TCX	NA	ENSG00000211455	STK38L	0.0285714285714286	-0.27686030456893	ENSG00000104332_ENSG00000211455
ENSG00000104332	SFRP1	EmoryTargets	CBE,DLPFC,FP,IFG,PHG,STG,TCX	NA	ENSG00000197111	PCBP2	0.03	0.0848433939576103	ENSG00000104332_ENSG00000197111
ENSG00000104332	SFRP1	EmoryTargets	CBE,DLPFC,FP,IFG,PHG,STG,TCX	NA	ENSG00000234056	LINC00463	0.0271428571428571	0.259080393799658	ENSG00000104332_ENSG00000234056
ENSG00000104332	SFRP1	EmoryTargets	CBE,DLPFC,FP,IFG,PHG,STG,TCX	NA	ENSG00000140600	SH3GL3	0.0285714285714286	0.414094591523826	ENSG00000104332_ENSG00000140600
ENSG00000104332	SFRP1	EmoryTargets	CBE,DLPFC,FP,IFG,PHG,STG,TCX	NA	ENSG00000198795	ZNF521	0.03	0.182175356901139	ENSG00000104332_ENSG00000198795
ENSG00000118785	SPP1	EmoryTargets	CBE,DLPFC,FP,IFG,PHG,STG,TCX	NA	ENSG00000118785	SPP1	1	1	ENSG00000118785_ENSG00000118785
ENSG00000118785	SPP1	EmoryTargets	CBE,DLPFC,FP,IFG,PHG,STG,TCX	NA	ENSG00000121933	TMIGD3	0.0857142857142857	0.554625435399649	ENSG00000118785_ENSG00000121933
ENSG00000118785	SPP1	EmoryTargets	CBE,DLPFC,FP,IFG,PHG,STG,TCX	NA	ENSG00000133048	CHI3L1	0.04	0.496241852075644	ENSG00000118785_ENSG00000133048
ENSG00000118785	SPP1	EmoryTargets	CBE,DLPFC,FP,IFG,PHG,STG,TCX	NA	ENSG00000159399	HK2	0.171428571428571	0.658646647744242	ENSG00000118785_ENSG00000159399
ENSG00000118785	SPP1	EmoryTargets	CBE,DLPFC,FP,IFG,PHG,STG,TCX	NA	ENSG00000081479	LRP2	0.0642857142857143	0.601798620328293	ENSG00000118785_ENSG00000081479
ENSG00000118785	SPP1	EmoryTargets	CBE,DLPFC,FP,IFG,PHG,STG,TCX	NA	ENSG00000136237	RAPGEF5	0.0357142857142857	0.495535953755804	ENSG00000118785_ENSG00000136237
ENSG00000118785	SPP1	EmoryTargets	CBE,DLPFC,FP,IFG,PHG,STG,TCX	NA	ENSG00000011426	ANLN	0.0357142857142857	0.650168609398102	ENSG00000118785_ENSG00000011426
ENSG00000118785	SPP1	EmoryTargets	CBE,DLPFC,FP,IFG,PHG,STG,TCX	NA	ENSG00000170775	GPR37	0.0485714285714286	0.514616758720607	ENSG00000118785_ENSG00000170775
ENSG00000118785	SPP1	EmoryTargets	CBE,DLPFC,FP,IFG,PHG,STG,TCX	NA	ENSG00000104267	CA2	0.04	0.550057553892641	ENSG00000118785_ENSG00000104267
ENSG00000118785	SPP1	EmoryTargets	CBE,DLPFC,FP,IFG,PHG,STG,TCX	NA	ENSG00000134333	LDHA	0.0785714285714286	0.17268530561406	ENSG00000118785_ENSG00000134333
ENSG00000118785	SPP1	EmoryTargets	CBE,DLPFC,FP,IFG,PHG,STG,TCX	NA	ENSG00000026508	CD44	0.0371428571428571	0.591808444063717	ENSG00000118785_ENSG00000026508
ENSG00000118785	SPP1	EmoryTargets	CBE,DLPFC,FP,IFG,PHG,STG,TCX	NA	ENSG00000132965	ALOX5AP	0.0414285714285714	0.65036752086615	ENSG00000118785_ENSG00000132965
ENSG00000118785	SPP1	EmoryTargets	CBE,DLPFC,FP,IFG,PHG,STG,TCX	NA	ENSG00000136167	LCP1	0.0342857142857143	0.609968233376406	ENSG00000118785_ENSG00000136167
ENSG00000118785	SPP1	EmoryTargets	CBE,DLPFC,FP,IFG,PHG,STG,TCX	NA	ENSG00000167004	PDIA3	0.0385714285714286	0.35443562629081	ENSG00000118785_ENSG00000167004
ENSG00000118785	SPP1	EmoryTargets	CBE,DLPFC,FP,IFG,PHG,STG,TCX	NA	ENSG00000087253	LPCAT2	0.0671428571428571	0.614824447599675	ENSG00000118785_ENSG00000087253
ENSG00000118785	SPP1	EmoryTargets	CBE,DLPFC,FP,IFG,PHG,STG,TCX	NA	ENSG00000064300	NGFR	0.0371428571428571	0.510476034810082	ENSG00000118785_ENSG00000064300
ENSG00000118785	SPP1	EmoryTargets	CBE,DLPFC,FP,IFG,PHG,STG,TCX	NA	ENSG00000141526	SLC16A3	0.122857142857143	0.6021675744593	ENSG00000118785_ENSG00000141526
ENSG00000118785	SPP1	EmoryTargets	CBE,DLPFC,FP,IFG,PHG,STG,TCX	NA	ENSG00000159958	TNFRSF13C	0.05	-0.261365713133518	ENSG00000118785_ENSG00000159958
ENSG00000118785	SPP1	EmoryTargets	CBE,DLPFC,FP,IFG,PHG,STG,TCX	NA	ENSG00000155659	VSIG4	0.0357142857142857	0.621505198718399	ENSG00000118785_ENSG00000155659
ENSG00000118785	SPP1	EmoryTargets	CBE,DLPFC,FP,IFG,PHG,STG,TCX	NA	ENSG00000184730	APOBR	0.0757142857142857	0.45977191566417	ENSG00000118785_ENSG00000184730
ENSG00000161011	SQSTM1	EmoryTargets	CBE,DLPFC,FP,IFG,PHG,STG,TCX	NA	ENSG00000161011	SQSTM1	1	1	ENSG00000161011_ENSG00000161011
ENSG00000161011	SQSTM1	EmoryTargets	CBE,DLPFC,FP,IFG,PHG,STG,TCX	NA	ENSG00000142657	PGD	0.0328571428571429	0.261253357439435	ENSG00000161011_ENSG00000142657
ENSG00000161011	SQSTM1	EmoryTargets	CBE,DLPFC,FP,IFG,PHG,STG,TCX	NA	ENSG00000134077	THUMPD3	0.0557142857142857	0.221775417633013	ENSG00000161011_ENSG00000134077
ENSG00000161011	SQSTM1	EmoryTargets	CBE,DLPFC,FP,IFG,PHG,STG,TCX	NA	ENSG00000163931	TKT	0.118571428571429	0.33432297105261	ENSG00000161011_ENSG00000163931
ENSG00000161011	SQSTM1	EmoryTargets	CBE,DLPFC,FP,IFG,PHG,STG,TCX	NA	ENSG00000113013	HSPA9	0.05	0.376063010085779	ENSG00000161011_ENSG00000113013
ENSG00000161011	SQSTM1	EmoryTargets	CBE,DLPFC,FP,IFG,PHG,STG,TCX	NA	ENSG00000161010	MRNIP	0.0557142857142857	0.0331475259145759	ENSG00000161011_ENSG00000161010
ENSG00000161011	SQSTM1	EmoryTargets	CBE,DLPFC,FP,IFG,PHG,STG,TCX	NA	ENSG00000145945	FAM50B	0.0342857142857143	0.210563230797164	ENSG00000161011_ENSG00000145945
ENSG00000161011	SQSTM1	EmoryTargets	CBE,DLPFC,FP,IFG,PHG,STG,TCX	NA	ENSG00000178381	ZFAND2A	0.0371428571428571	0.274694884657098	ENSG00000161011_ENSG00000178381
ENSG00000161011	SQSTM1	EmoryTargets	CBE,DLPFC,FP,IFG,PHG,STG,TCX	NA	ENSG00000130222	GADD45G	0.03	0.175674769890828	ENSG00000161011_ENSG00000130222
ENSG00000161011	SQSTM1	EmoryTargets	CBE,DLPFC,FP,IFG,PHG,STG,TCX	NA	ENSG00000003056	M6PR	0.0271428571428571	0.274209865562529	ENSG00000161011_ENSG00000003056
ENSG00000161011	SQSTM1	EmoryTargets	CBE,DLPFC,FP,IFG,PHG,STG,TCX	NA	ENSG00000139155	SLCO1C1	0.0457142857142857	-0.099009042516775	ENSG00000161011_ENSG00000139155
ENSG00000161011	SQSTM1	EmoryTargets	CBE,DLPFC,FP,IFG,PHG,STG,TCX	NA	ENSG00000175197	DDIT3	0.12	0.386246045088527	ENSG00000161011_ENSG00000175197
ENSG00000161011	SQSTM1	EmoryTargets	CBE,DLPFC,FP,IFG,PHG,STG,TCX	NA	ENSG00000198431	TXNRD1	0.118571428571429	0.455493241487347	ENSG00000161011_ENSG00000198431
ENSG00000161011	SQSTM1	EmoryTargets	CBE,DLPFC,FP,IFG,PHG,STG,TCX	NA	ENSG00000050130	JKAMP	0.0271428571428571	0.193925659161516	ENSG00000161011_ENSG00000050130
ENSG00000161011	SQSTM1	EmoryTargets	CBE,DLPFC,FP,IFG,PHG,STG,TCX	NA	ENSG00000211448	DIO2	0.0271428571428571	-0.293198098148894	ENSG00000161011_ENSG00000211448
ENSG00000161011	SQSTM1	EmoryTargets	CBE,DLPFC,FP,IFG,PHG,STG,TCX	NA	ENSG00000181019	NQO1	0.0685714285714286	0.331402961161177	ENSG00000161011_ENSG00000181019
ENSG00000161011	SQSTM1	EmoryTargets	CBE,DLPFC,FP,IFG,PHG,STG,TCX	NA	ENSG00000185624	P4HB	0.0485714285714286	0.523581285321175	ENSG00000161011_ENSG00000185624
ENSG00000161011	SQSTM1	EmoryTargets	CBE,DLPFC,FP,IFG,PHG,STG,TCX	NA	ENSG00000121413	ZSCAN18	0.0271428571428571	0.191112561812207	ENSG00000161011_ENSG00000121413
ENSG00000161011	SQSTM1	EmoryTargets	CBE,DLPFC,FP,IFG,PHG,STG,TCX	NA	ENSG00000130726	TRIM28	0.0928571428571429	0.433043035737784	ENSG00000161011_ENSG00000130726
ENSG00000161011	SQSTM1	EmoryTargets	CBE,DLPFC,FP,IFG,PHG,STG,TCX	NA	ENSG00000132823	OSER1	0.0314285714285714	0.386864555678582	ENSG00000161011_ENSG00000132823
ENSG00000161011	SQSTM1	EmoryTargets	CBE,DLPFC,FP,IFG,PHG,STG,TCX	NA	ENSG00000183908	LRRC55	0.0328571428571429	-0.0759559980135793	ENSG00000161011_ENSG00000183908
ENSG00000100300	TSPO	EmoryTargets	CBE,DLPFC,FP,IFG,PHG,STG,TCX	NA	ENSG00000100300	TSPO	1	1	ENSG00000100300_ENSG00000100300
ENSG00000100300	TSPO	EmoryTargets	CBE,DLPFC,FP,IFG,PHG,STG,TCX	NA	ENSG00000173372	C1QA	0.0542857142857143	0.686733917239966	ENSG00000100300_ENSG00000173372
ENSG00000100300	TSPO	EmoryTargets	CBE,DLPFC,FP,IFG,PHG,STG,TCX	NA	ENSG00000197956	S100A6	0.0414285714285714	0.566036194935283	ENSG00000100300_ENSG00000197956
ENSG00000100300	TSPO	EmoryTargets	CBE,DLPFC,FP,IFG,PHG,STG,TCX	NA	ENSG00000138080	EMILIN1	0.08	0.529526598740489	ENSG00000100300_ENSG00000138080
ENSG00000100300	TSPO	EmoryTargets	CBE,DLPFC,FP,IFG,PHG,STG,TCX	NA	ENSG00000042493	CAPG	0.0285714285714286	0.649911592533188	ENSG00000100300_ENSG00000042493
ENSG00000100300	TSPO	EmoryTargets	CBE,DLPFC,FP,IFG,PHG,STG,TCX	NA	ENSG00000118640	VAMP8	0.0928571428571429	0.698084158354001	ENSG00000100300_ENSG00000118640
ENSG00000100300	TSPO	EmoryTargets	CBE,DLPFC,FP,IFG,PHG,STG,TCX	NA	ENSG00000132329	RAMP1	0.0614285714285714	0.513988618367181	ENSG00000100300_ENSG00000132329
ENSG00000100300	TSPO	EmoryTargets	CBE,DLPFC,FP,IFG,PHG,STG,TCX	NA	ENSG00000233276	GPX1	0.03	0.525552241285846	ENSG00000100300_ENSG00000233276
ENSG00000100300	TSPO	EmoryTargets	CBE,DLPFC,FP,IFG,PHG,STG,TCX	NA	ENSG00000023892	DEF6	0.0271428571428571	0.53386571045007	ENSG00000100300_ENSG00000023892
ENSG00000100300	TSPO	EmoryTargets	CBE,DLPFC,FP,IFG,PHG,STG,TCX	NA	ENSG00000106009	BRAT1	0.0542857142857143	0.196809168583686	ENSG00000100300_ENSG00000106009
ENSG00000100300	TSPO	EmoryTargets	CBE,DLPFC,FP,IFG,PHG,STG,TCX	NA	ENSG00000187840	EIF4EBP1	0.0428571428571429	0.609991038120732	ENSG00000100300_ENSG00000187840
ENSG00000100300	TSPO	EmoryTargets	CBE,DLPFC,FP,IFG,PHG,STG,TCX	NA	ENSG00000177105	RHOG	0.0328571428571429	0.50890091005332	ENSG00000100300_ENSG00000177105
ENSG00000100300	TSPO	EmoryTargets	CBE,DLPFC,FP,IFG,PHG,STG,TCX	NA	ENSG00000149489	ROM1	0.0485714285714286	0.69753838762105	ENSG00000100300_ENSG00000149489
ENSG00000100300	TSPO	EmoryTargets	CBE,DLPFC,FP,IFG,PHG,STG,TCX	NA	ENSG00000133321	PLAAT4	0.0271428571428571	0.684636907579623	ENSG00000100300_ENSG00000133321
ENSG00000100300	TSPO	EmoryTargets	CBE,DLPFC,FP,IFG,PHG,STG,TCX	NA	ENSG00000197249	SERPINA1	0.03	0.64493432559044	ENSG00000100300_ENSG00000197249
ENSG00000100300	TSPO	EmoryTargets	CBE,DLPFC,FP,IFG,PHG,STG,TCX	NA	ENSG00000051523	CYBA	0.0542857142857143	0.737526008401751	ENSG00000100300_ENSG00000051523
ENSG00000100300	TSPO	EmoryTargets	CBE,DLPFC,FP,IFG,PHG,STG,TCX	NA	ENSG00000108479	GALK1	0.0385714285714286	0.351790193925591	ENSG00000100300_ENSG00000108479
ENSG00000100300	TSPO	EmoryTargets	CBE,DLPFC,FP,IFG,PHG,STG,TCX	NA	ENSG00000105677	TMEM147	0.0271428571428571	0.359299366521881	ENSG00000100300_ENSG00000105677
ENSG00000100300	TSPO	EmoryTargets	CBE,DLPFC,FP,IFG,PHG,STG,TCX	NA	ENSG00000130755	GMFG	0.0285714285714286	0.57047057391444	ENSG00000100300_ENSG00000130755
ENSG00000100300	TSPO	EmoryTargets	CBE,DLPFC,FP,IFG,PHG,STG,TCX	NA	ENSG00000142227	EMP3	0.0857142857142857	0.687227400087185	ENSG00000100300_ENSG00000142227
ENSG00000100300	TSPO	EmoryTargets	CBE,DLPFC,FP,IFG,PHG,STG,TCX	NA	ENSG00000171443	ZNF524	0.0414285714285714	0.240730879346098	ENSG00000100300_ENSG00000171443
ENSG00000100300	TSPO	EmoryTargets	CBE,DLPFC,FP,IFG,PHG,STG,TCX	NA	ENSG00000123131	PRDX4	0.0842857142857143	0.535987393565061	ENSG00000100300_ENSG00000123131
