ENSG00000084234	APLP2	M62	CBE,DLPFC,FP,IFG,PHG,STG,TCX	NA	ENSG00000084234	APLP2	1	1	ENSG00000084234_ENSG00000084234
ENSG00000084234	APLP2	M62	CBE,DLPFC,FP,IFG,PHG,STG,TCX	NA	ENSG00000163399	ATP1A1	0.0714285714285714	0.414601953061429	ENSG00000084234_ENSG00000163399
ENSG00000084234	APLP2	M62	CBE,DLPFC,FP,IFG,PHG,STG,TCX	NA	ENSG00000152092	ASTN1	0.0571428571428571	0.454037432357753	ENSG00000084234_ENSG00000152092
ENSG00000084234	APLP2	M62	CBE,DLPFC,FP,IFG,PHG,STG,TCX	NA	ENSG00000245293	ENSG00000245293	0.05	-0.515122664743936	ENSG00000084234_ENSG00000245293
ENSG00000084234	APLP2	M62	CBE,DLPFC,FP,IFG,PHG,STG,TCX	NA	ENSG00000122642	FKBP9	0.0328571428571429	0.275046437549541	ENSG00000084234_ENSG00000122642
ENSG00000084234	APLP2	M62	CBE,DLPFC,FP,IFG,PHG,STG,TCX	NA	ENSG00000105953	OGDH	0.0785714285714286	0.289102346043198	ENSG00000084234_ENSG00000105953
ENSG00000084234	APLP2	M62	CBE,DLPFC,FP,IFG,PHG,STG,TCX	NA	ENSG00000106682	EIF4H	0.0371428571428571	0.246601178815743	ENSG00000084234_ENSG00000106682
ENSG00000084234	APLP2	M62	CBE,DLPFC,FP,IFG,PHG,STG,TCX	NA	ENSG00000197694	SPTAN1	0.0471428571428571	0.437784568852623	ENSG00000084234_ENSG00000197694
ENSG00000084234	APLP2	M62	CBE,DLPFC,FP,IFG,PHG,STG,TCX	NA	ENSG00000156113	KCNMA1	0.04	0.378607419669571	ENSG00000084234_ENSG00000156113
ENSG00000084234	APLP2	M62	CBE,DLPFC,FP,IFG,PHG,STG,TCX	NA	ENSG00000107771	CCSER2	0.0371428571428571	0.136292515223777	ENSG00000084234_ENSG00000107771
ENSG00000084234	APLP2	M62	CBE,DLPFC,FP,IFG,PHG,STG,TCX	NA	ENSG00000099204	ABLIM1	0.0414285714285714	0.0695405525269437	ENSG00000084234_ENSG00000099204
ENSG00000084234	APLP2	M62	CBE,DLPFC,FP,IFG,PHG,STG,TCX	NA	ENSG00000109956	B3GAT1	0.107142857142857	-0.340776685127029	ENSG00000084234_ENSG00000109956
ENSG00000084234	APLP2	M62	CBE,DLPFC,FP,IFG,PHG,STG,TCX	NA	ENSG00000018236	CNTN1	0.0771428571428571	0.223360576068255	ENSG00000084234_ENSG00000018236
ENSG00000084234	APLP2	M62	CBE,DLPFC,FP,IFG,PHG,STG,TCX	NA	ENSG00000094916	CBX5	0.0628571428571429	0.0991617373351024	ENSG00000084234_ENSG00000094916
ENSG00000084234	APLP2	M62	CBE,DLPFC,FP,IFG,PHG,STG,TCX	NA	ENSG00000135506	OS9	0.0342857142857143	0.160178039845611	ENSG00000084234_ENSG00000135506
ENSG00000084234	APLP2	M62	CBE,DLPFC,FP,IFG,PHG,STG,TCX	NA	ENSG00000110871	COQ5	0.04	-0.247553279144381	ENSG00000084234_ENSG00000110871
ENSG00000084234	APLP2	M62	CBE,DLPFC,FP,IFG,PHG,STG,TCX	NA	ENSG00000119673	ACOT2	0.0328571428571429	0.302418429954247	ENSG00000084234_ENSG00000119673
ENSG00000084234	APLP2	M62	CBE,DLPFC,FP,IFG,PHG,STG,TCX	NA	ENSG00000141542	RAB40B	0.0714285714285714	-0.326183388309438	ENSG00000084234_ENSG00000141542
ENSG00000084234	APLP2	M62	CBE,DLPFC,FP,IFG,PHG,STG,TCX	NA	ENSG00000169895	SYAP1	0.0342857142857143	-0.00322291659629016	ENSG00000084234_ENSG00000169895
ENSG00000084234	APLP2	M62	CBE,DLPFC,FP,IFG,PHG,STG,TCX	NA	ENSG00000130985	UBA1	0.0542857142857143	0.239180038409359	ENSG00000084234_ENSG00000130985
ENSG00000130203	APOE	M62	CBE,DLPFC,FP,IFG,PHG,STG,TCX	NA	ENSG00000130203	APOE	1	1	ENSG00000130203_ENSG00000130203
ENSG00000130203	APOE	M62	CBE,DLPFC,FP,IFG,PHG,STG,TCX	NA	ENSG00000169006	NTSR2	0.0914285714285714	0.65340023926253	ENSG00000130203_ENSG00000169006
ENSG00000130203	APOE	M62	CBE,DLPFC,FP,IFG,PHG,STG,TCX	NA	ENSG00000243449	C4orf48	0.0971428571428571	0.121781988533243	ENSG00000130203_ENSG00000243449
ENSG00000130203	APOE	M62	CBE,DLPFC,FP,IFG,PHG,STG,TCX	NA	ENSG00000145824	CXCL14	0.0385714285714286	0.141591463652227	ENSG00000130203_ENSG00000145824
ENSG00000130203	APOE	M62	CBE,DLPFC,FP,IFG,PHG,STG,TCX	NA	ENSG00000272325	NUDT3	0.07	0.0583511696383615	ENSG00000130203_ENSG00000272325
ENSG00000130203	APOE	M62	CBE,DLPFC,FP,IFG,PHG,STG,TCX	NA	ENSG00000105894	PTN	0.0442857142857143	0.512900962044356	ENSG00000130203_ENSG00000105894
ENSG00000130203	APOE	M62	CBE,DLPFC,FP,IFG,PHG,STG,TCX	NA	ENSG00000169439	SDC2	0.0457142857142857	0.568758321100623	ENSG00000130203_ENSG00000169439
ENSG00000130203	APOE	M62	CBE,DLPFC,FP,IFG,PHG,STG,TCX	NA	ENSG00000165029	ABCA1	0.0371428571428571	0.489280856846753	ENSG00000130203_ENSG00000165029
ENSG00000130203	APOE	M62	CBE,DLPFC,FP,IFG,PHG,STG,TCX	NA	ENSG00000148672	GLUD1	0.0814285714285714	0.646026603268315	ENSG00000130203_ENSG00000148672
ENSG00000130203	APOE	M62	CBE,DLPFC,FP,IFG,PHG,STG,TCX	NA	ENSG00000136160	EDNRB	0.0442857142857143	0.485826062672087	ENSG00000130203_ENSG00000136160
ENSG00000130203	APOE	M62	CBE,DLPFC,FP,IFG,PHG,STG,TCX	NA	ENSG00000103260	METRN	0.0414285714285714	0.581858842514805	ENSG00000130203_ENSG00000103260
ENSG00000130203	APOE	M62	CBE,DLPFC,FP,IFG,PHG,STG,TCX	NA	ENSG00000090581	GNPTG	0.0357142857142857	0.265655134449065	ENSG00000130203_ENSG00000090581
ENSG00000130203	APOE	M62	CBE,DLPFC,FP,IFG,PHG,STG,TCX	NA	ENSG00000153446	C16orf89	0.142857142857143	0.603961037273443	ENSG00000130203_ENSG00000153446
ENSG00000130203	APOE	M62	CBE,DLPFC,FP,IFG,PHG,STG,TCX	NA	ENSG00000184922	FMNL1	0.0471428571428571	-0.210182428842641	ENSG00000130203_ENSG00000184922
ENSG00000130203	APOE	M62	CBE,DLPFC,FP,IFG,PHG,STG,TCX	NA	ENSG00000169738	DCXR	0.0371428571428571	0.385631179428019	ENSG00000130203_ENSG00000169738
ENSG00000130203	APOE	M62	CBE,DLPFC,FP,IFG,PHG,STG,TCX	NA	ENSG00000130208	APOC1	0.435714285714286	0.394509663695662	ENSG00000130203_ENSG00000130208
ENSG00000130203	APOE	M62	CBE,DLPFC,FP,IFG,PHG,STG,TCX	NA	ENSG00000101439	CST3	0.178571428571429	0.613393781534549	ENSG00000130203_ENSG00000101439
ENSG00000130203	APOE	M62	CBE,DLPFC,FP,IFG,PHG,STG,TCX	NA	ENSG00000100979	PLTP	0.118571428571429	0.547827268470044	ENSG00000130203_ENSG00000100979
ENSG00000130203	APOE	M62	CBE,DLPFC,FP,IFG,PHG,STG,TCX	NA	ENSG00000101198	NKAIN4	0.0357142857142857	0.517148180583486	ENSG00000130203_ENSG00000101198
ENSG00000130203	APOE	M62	CBE,DLPFC,FP,IFG,PHG,STG,TCX	NA	ENSG00000241360	PDXP	0.0728571428571429	0.00509236735462159	ENSG00000130203_ENSG00000241360
ENSG00000142192	APP	M62	CBE,DLPFC,FP,IFG,PHG,STG,TCX	NA	ENSG00000142192	APP	1	1	ENSG00000142192_ENSG00000142192
ENSG00000142192	APP	M62	CBE,DLPFC,FP,IFG,PHG,STG,TCX	NA	ENSG00000188976	NOC2L	0.0385714285714286	0.254851604546556	ENSG00000142192_ENSG00000188976
ENSG00000142192	APP	M62	CBE,DLPFC,FP,IFG,PHG,STG,TCX	NA	ENSG00000116675	DNAJC6	0.0642857142857143	0.63272804358976	ENSG00000142192_ENSG00000116675
ENSG00000142192	APP	M62	CBE,DLPFC,FP,IFG,PHG,STG,TCX	NA	ENSG00000154027	AK5	0.0385714285714286	0.541789087662241	ENSG00000142192_ENSG00000154027
ENSG00000142192	APP	M62	CBE,DLPFC,FP,IFG,PHG,STG,TCX	NA	ENSG00000143153	ATP1B1	0.0714285714285714	0.558472175741093	ENSG00000142192_ENSG00000143153
ENSG00000142192	APP	M62	CBE,DLPFC,FP,IFG,PHG,STG,TCX	NA	ENSG00000134308	YWHAQ	0.0442857142857143	0.338738580038389	ENSG00000142192_ENSG00000134308
ENSG00000142192	APP	M62	CBE,DLPFC,FP,IFG,PHG,STG,TCX	NA	ENSG00000169764	UGP2	0.0814285714285714	-0.057195334243039	ENSG00000142192_ENSG00000169764
ENSG00000142192	APP	M62	CBE,DLPFC,FP,IFG,PHG,STG,TCX	NA	ENSG00000144339	TMEFF2	0.0842857142857143	0.464841202877539	ENSG00000142192_ENSG00000144339
ENSG00000142192	APP	M62	CBE,DLPFC,FP,IFG,PHG,STG,TCX	NA	ENSG00000232112	TMA7	0.0385714285714286	-0.438918724526477	ENSG00000142192_ENSG00000232112
ENSG00000142192	APP	M62	CBE,DLPFC,FP,IFG,PHG,STG,TCX	NA	ENSG00000198585	NUDT16	0.04	-0.295480008925104	ENSG00000142192_ENSG00000198585
ENSG00000142192	APP	M62	CBE,DLPFC,FP,IFG,PHG,STG,TCX	NA	ENSG00000138801	PAPSS1	0.0414285714285714	0.368746765944109	ENSG00000142192_ENSG00000138801
ENSG00000142192	APP	M62	CBE,DLPFC,FP,IFG,PHG,STG,TCX	NA	ENSG00000112697	TMEM30A	0.0571428571428571	0.365662987231287	ENSG00000142192_ENSG00000112697
ENSG00000142192	APP	M62	CBE,DLPFC,FP,IFG,PHG,STG,TCX	NA	ENSG00000111897	SERINC1	0.0714285714285714	0.554205237718115	ENSG00000142192_ENSG00000111897
ENSG00000142192	APP	M62	CBE,DLPFC,FP,IFG,PHG,STG,TCX	NA	ENSG00000152894	PTPRK	0.0471428571428571	0.312541327651782	ENSG00000142192_ENSG00000152894
ENSG00000142192	APP	M62	CBE,DLPFC,FP,IFG,PHG,STG,TCX	NA	ENSG00000165443	PHYHIPL	0.0414285714285714	0.296653430660354	ENSG00000142192_ENSG00000165443
ENSG00000142192	APP	M62	CBE,DLPFC,FP,IFG,PHG,STG,TCX	NA	ENSG00000149294	NCAM1	0.0528571428571429	0.235797722188982	ENSG00000142192_ENSG00000149294
ENSG00000142192	APP	M62	CBE,DLPFC,FP,IFG,PHG,STG,TCX	NA	ENSG00000139970	RTN1	0.0485714285714286	0.613634766062739	ENSG00000142192_ENSG00000139970
ENSG00000142192	APP	M62	CBE,DLPFC,FP,IFG,PHG,STG,TCX	NA	ENSG00000087460	GNAS	0.0557142857142857	0.286820213712287	ENSG00000142192_ENSG00000087460
ENSG00000142192	APP	M62	CBE,DLPFC,FP,IFG,PHG,STG,TCX	NA	ENSG00000130985	UBA1	0.0371428571428571	0.47080776177457	ENSG00000142192_ENSG00000130985
ENSG00000142192	APP	M62	CBE,DLPFC,FP,IFG,PHG,STG,TCX	NA	ENSG00000101856	PGRMC1	0.0514285714285714	0.386425900596689	ENSG00000142192_ENSG00000101856
ENSG00000164039	BDH2	M62	CBE,DLPFC,FP,IFG,PHG,STG,TCX	NA	ENSG00000164039	BDH2	1	1	ENSG00000164039_ENSG00000164039
ENSG00000164039	BDH2	M62	CBE,DLPFC,FP,IFG,PHG,STG,TCX	NA	ENSG00000117450	PRDX1	0.0428571428571429	0.528797898139415	ENSG00000164039_ENSG00000117450
ENSG00000164039	BDH2	M62	CBE,DLPFC,FP,IFG,PHG,STG,TCX	NA	ENSG00000135821	GLUL	0.0957142857142857	0.566772668658817	ENSG00000164039_ENSG00000135821
ENSG00000164039	BDH2	M62	CBE,DLPFC,FP,IFG,PHG,STG,TCX	NA	ENSG00000162909	CAPN2	0.0614285714285714	0.656531512764932	ENSG00000164039_ENSG00000162909
ENSG00000164039	BDH2	M62	CBE,DLPFC,FP,IFG,PHG,STG,TCX	NA	ENSG00000132164	SLC6A11	0.0442857142857143	0.299402725601751	ENSG00000164039_ENSG00000132164
ENSG00000164039	BDH2	M62	CBE,DLPFC,FP,IFG,PHG,STG,TCX	NA	ENSG00000056736	IL17RB	0.0471428571428571	0.522452723828616	ENSG00000164039_ENSG00000056736
ENSG00000164039	BDH2	M62	CBE,DLPFC,FP,IFG,PHG,STG,TCX	NA	ENSG00000164188	RANBP3L	0.134285714285714	0.565533898926726	ENSG00000164039_ENSG00000164188
ENSG00000164039	BDH2	M62	CBE,DLPFC,FP,IFG,PHG,STG,TCX	NA	ENSG00000145832	SLC25A48	0.102857142857143	0.366718237823568	ENSG00000164039_ENSG00000145832
ENSG00000164039	BDH2	M62	CBE,DLPFC,FP,IFG,PHG,STG,TCX	NA	ENSG00000120306	CYSTM1	0.0614285714285714	0.557002446281109	ENSG00000164039_ENSG00000120306
ENSG00000164039	BDH2	M62	CBE,DLPFC,FP,IFG,PHG,STG,TCX	NA	ENSG00000112309	B3GAT2	0.0914285714285714	0.416295136169776	ENSG00000164039_ENSG00000112309
ENSG00000164039	BDH2	M62	CBE,DLPFC,FP,IFG,PHG,STG,TCX	NA	ENSG00000148482	SLC39A12	0.0385714285714286	0.599062926447738	ENSG00000164039_ENSG00000148482
ENSG00000164039	BDH2	M62	CBE,DLPFC,FP,IFG,PHG,STG,TCX	NA	ENSG00000182103	FAM181B	0.0314285714285714	0.599150686407828	ENSG00000164039_ENSG00000182103
ENSG00000164039	BDH2	M62	CBE,DLPFC,FP,IFG,PHG,STG,TCX	NA	ENSG00000134548	SPX	0.0514285714285714	0.473038069589048	ENSG00000164039_ENSG00000134548
ENSG00000164039	BDH2	M62	CBE,DLPFC,FP,IFG,PHG,STG,TCX	NA	ENSG00000152137	HSPB8	0.0457142857142857	0.504942067967026	ENSG00000164039_ENSG00000152137
ENSG00000164039	BDH2	M62	CBE,DLPFC,FP,IFG,PHG,STG,TCX	NA	ENSG00000166734	CASC4	0.0342857142857143	0.634059521108188	ENSG00000164039_ENSG00000166734
ENSG00000164039	BDH2	M62	CBE,DLPFC,FP,IFG,PHG,STG,TCX	NA	ENSG00000074410	CA12	0.0342857142857143	0.158738152886741	ENSG00000164039_ENSG00000074410
ENSG00000164039	BDH2	M62	CBE,DLPFC,FP,IFG,PHG,STG,TCX	NA	ENSG00000133195	SLC39A11	0.0471428571428571	0.514440057247042	ENSG00000164039_ENSG00000133195
ENSG00000164039	BDH2	M62	CBE,DLPFC,FP,IFG,PHG,STG,TCX	NA	ENSG00000168461	RAB31	0.0842857142857143	0.664855389476541	ENSG00000164039_ENSG00000168461
ENSG00000164039	BDH2	M62	CBE,DLPFC,FP,IFG,PHG,STG,TCX	NA	ENSG00000101166	PRELID3B	0.0314285714285714	0.50884648988705	ENSG00000164039_ENSG00000101166
ENSG00000164039	BDH2	M62	CBE,DLPFC,FP,IFG,PHG,STG,TCX	NA	ENSG00000070010	UFD1	0.0328571428571429	0.3480156021095	ENSG00000164039_ENSG00000070010
ENSG00000164039	BDH2	M62	CBE,DLPFC,FP,IFG,PHG,STG,TCX	NA	ENSG00000178602	OTOS	0.0357142857142857	0.381373220376524	ENSG00000164039_ENSG00000178602
ENSG00000171603	CLSTN1	M62	CBE,DLPFC,FP,IFG,PHG,STG,TCX	NA	ENSG00000171603	CLSTN1	1	1	ENSG00000171603_ENSG00000171603
ENSG00000171603	CLSTN1	M62	CBE,DLPFC,FP,IFG,PHG,STG,TCX	NA	ENSG00000020129	NCDN	0.0357142857142857	0.623294680004309	ENSG00000171603_ENSG00000020129
ENSG00000171603	CLSTN1	M62	CBE,DLPFC,FP,IFG,PHG,STG,TCX	NA	ENSG00000162706	CADM3	0.0328571428571429	0.578762791942616	ENSG00000171603_ENSG00000162706
ENSG00000171603	CLSTN1	M62	CBE,DLPFC,FP,IFG,PHG,STG,TCX	NA	ENSG00000152092	ASTN1	0.0385714285714286	0.440551116188802	ENSG00000171603_ENSG00000152092
ENSG00000171603	CLSTN1	M62	CBE,DLPFC,FP,IFG,PHG,STG,TCX	NA	ENSG00000152102	FAM168B	0.0328571428571429	0.486947124208012	ENSG00000171603_ENSG00000152102
ENSG00000171603	CLSTN1	M62	CBE,DLPFC,FP,IFG,PHG,STG,TCX	NA	ENSG00000170142	UBE2E1	0.05	-0.398662284877607	ENSG00000171603_ENSG00000170142
ENSG00000171603	CLSTN1	M62	CBE,DLPFC,FP,IFG,PHG,STG,TCX	NA	ENSG00000204310	AGPAT1	0.0514285714285714	0.146922732070463	ENSG00000171603_ENSG00000204310
ENSG00000171603	CLSTN1	M62	CBE,DLPFC,FP,IFG,PHG,STG,TCX	NA	ENSG00000136928	GABBR2	0.0485714285714286	0.654176292856101	ENSG00000171603_ENSG00000136928
ENSG00000171603	CLSTN1	M62	CBE,DLPFC,FP,IFG,PHG,STG,TCX	NA	ENSG00000107263	RAPGEF1	0.03	0.123887208308858	ENSG00000171603_ENSG00000107263
ENSG00000171603	CLSTN1	M62	CBE,DLPFC,FP,IFG,PHG,STG,TCX	NA	ENSG00000095713	CRTAC1	0.0485714285714286	0.488138139120503	ENSG00000171603_ENSG00000095713
ENSG00000171603	CLSTN1	M62	CBE,DLPFC,FP,IFG,PHG,STG,TCX	NA	ENSG00000110514	MADD	0.0328571428571429	0.746173023823107	ENSG00000171603_ENSG00000110514
ENSG00000171603	CLSTN1	M62	CBE,DLPFC,FP,IFG,PHG,STG,TCX	NA	ENSG00000006118	TMEM132A	0.03	0.295290777178347	ENSG00000171603_ENSG00000006118
ENSG00000171603	CLSTN1	M62	CBE,DLPFC,FP,IFG,PHG,STG,TCX	NA	ENSG00000149582	TMEM25	0.0442857142857143	0.66860688400926	ENSG00000171603_ENSG00000149582
ENSG00000171603	CLSTN1	M62	CBE,DLPFC,FP,IFG,PHG,STG,TCX	NA	ENSG00000135472	FAIM2	0.0714285714285714	0.682447565180876	ENSG00000171603_ENSG00000135472
ENSG00000171603	CLSTN1	M62	CBE,DLPFC,FP,IFG,PHG,STG,TCX	NA	ENSG00000067225	PKM	0.0514285714285714	0.469909384775836	ENSG00000171603_ENSG00000067225
ENSG00000171603	CLSTN1	M62	CBE,DLPFC,FP,IFG,PHG,STG,TCX	NA	ENSG00000198794	SCAMP5	0.0628571428571429	0.748390099942204	ENSG00000171603_ENSG00000198794
ENSG00000171603	CLSTN1	M62	CBE,DLPFC,FP,IFG,PHG,STG,TCX	NA	ENSG00000167972	ABCA3	0.0485714285714286	0.607172265307346	ENSG00000171603_ENSG00000167972
ENSG00000171603	CLSTN1	M62	CBE,DLPFC,FP,IFG,PHG,STG,TCX	NA	ENSG00000090863	GLG1	0.0742857142857143	-0.070778899994372	ENSG00000171603_ENSG00000090863
ENSG00000171603	CLSTN1	M62	CBE,DLPFC,FP,IFG,PHG,STG,TCX	NA	ENSG00000198053	SIRPA	0.0414285714285714	0.482319424521396	ENSG00000171603_ENSG00000198053
ENSG00000171603	CLSTN1	M62	CBE,DLPFC,FP,IFG,PHG,STG,TCX	NA	ENSG00000241973	PI4KA	0.0757142857142857	0.783825522429029	ENSG00000171603_ENSG00000241973
ENSG00000188517	COL25A1	M62	CBE,DLPFC,FP,IFG,PHG,STG,TCX	NA	ENSG00000188517	COL25A1	1	1	ENSG00000188517_ENSG00000188517
ENSG00000188517	COL25A1	M62	CBE,DLPFC,FP,IFG,PHG,STG,TCX	NA	ENSG00000162873	KLHDC8A	0.0428571428571429	0.324203233081987	ENSG00000188517_ENSG00000162873
ENSG00000188517	COL25A1	M62	CBE,DLPFC,FP,IFG,PHG,STG,TCX	NA	ENSG00000115155	OTOF	0.0414285714285714	0.348270171979771	ENSG00000188517_ENSG00000115155
ENSG00000188517	COL25A1	M62	CBE,DLPFC,FP,IFG,PHG,STG,TCX	NA	ENSG00000184305	CCSER1	0.0385714285714286	0.364645242821412	ENSG00000188517_ENSG00000184305
ENSG00000188517	COL25A1	M62	CBE,DLPFC,FP,IFG,PHG,STG,TCX	NA	ENSG00000082293	COL19A1	0.03	0.475652941244482	ENSG00000188517_ENSG00000082293
ENSG00000188517	COL25A1	M62	CBE,DLPFC,FP,IFG,PHG,STG,TCX	NA	ENSG00000006128	TAC1	0.0542857142857143	0.520857826841832	ENSG00000188517_ENSG00000006128
ENSG00000188517	COL25A1	M62	CBE,DLPFC,FP,IFG,PHG,STG,TCX	NA	ENSG00000189056	RELN	0.0314285714285714	0.283700681005342	ENSG00000188517_ENSG00000189056
ENSG00000188517	COL25A1	M62	CBE,DLPFC,FP,IFG,PHG,STG,TCX	NA	ENSG00000185053	SGCZ	0.0528571428571429	0.172587709973561	ENSG00000188517_ENSG00000185053
ENSG00000188517	COL25A1	M62	CBE,DLPFC,FP,IFG,PHG,STG,TCX	NA	ENSG00000165084	C8orf34	0.0385714285714286	0.399778431823512	ENSG00000188517_ENSG00000165084
ENSG00000188517	COL25A1	M62	CBE,DLPFC,FP,IFG,PHG,STG,TCX	NA	ENSG00000104327	CALB1	0.0442857142857143	0.402390313098343	ENSG00000188517_ENSG00000104327
ENSG00000188517	COL25A1	M62	CBE,DLPFC,FP,IFG,PHG,STG,TCX	NA	ENSG00000175352	NRIP3	0.0371428571428571	0.603149703724041	ENSG00000188517_ENSG00000175352
ENSG00000188517	COL25A1	M62	CBE,DLPFC,FP,IFG,PHG,STG,TCX	NA	ENSG00000183458	ENSG00000183458	0.0485714285714286	0.0655538761980912	ENSG00000188517_ENSG00000183458
ENSG00000188517	COL25A1	M62	CBE,DLPFC,FP,IFG,PHG,STG,TCX	NA	ENSG00000011143	MKS1	0.03	0.108391491609135	ENSG00000188517_ENSG00000011143
ENSG00000188517	COL25A1	M62	CBE,DLPFC,FP,IFG,PHG,STG,TCX	NA	ENSG00000225975	LINC01534	0.0485714285714286	0.418019279124131	ENSG00000188517_ENSG00000225975
ENSG00000188517	COL25A1	M62	CBE,DLPFC,FP,IFG,PHG,STG,TCX	NA	ENSG00000280071	GATD3B	0.0385714285714286	0.0884021610939393	ENSG00000188517_ENSG00000280071
ENSG00000188517	COL25A1	M62	CBE,DLPFC,FP,IFG,PHG,STG,TCX	NA	ENSG00000171189	GRIK1	0.0942857142857143	0.367283808748107	ENSG00000188517_ENSG00000171189
ENSG00000188517	COL25A1	M62	CBE,DLPFC,FP,IFG,PHG,STG,TCX	NA	ENSG00000009694	TENM1	0.0942857142857143	0.560834725749798	ENSG00000188517_ENSG00000009694
ENSG00000188517	COL25A1	M62	CBE,DLPFC,FP,IFG,PHG,STG,TCX	NA	ENSG00000171004	HS6ST2	0.0328571428571429	0.547320994038676	ENSG00000188517_ENSG00000171004
ENSG00000188517	COL25A1	M62	CBE,DLPFC,FP,IFG,PHG,STG,TCX	NA	ENSG00000157005	SST	0.0385714285714286	0.423615174975056	ENSG00000188517_ENSG00000157005
ENSG00000188517	COL25A1	M62	CBE,DLPFC,FP,IFG,PHG,STG,TCX	NA	ENSG00000225968	ELFN1	0.0371428571428571	0.368057563757699	ENSG00000188517_ENSG00000225968
ENSG00000164932	CTHRC1	M62	CBE,DLPFC,FP,IFG,PHG,STG,TCX	NA	ENSG00000164932	CTHRC1	1	1	ENSG00000164932_ENSG00000164932
ENSG00000164932	CTHRC1	M62	CBE,DLPFC,FP,IFG,PHG,STG,TCX	NA	ENSG00000163463	KRTCAP2	0.03	-0.00660090023934871	ENSG00000164932_ENSG00000163463
ENSG00000164932	CTHRC1	M62	CBE,DLPFC,FP,IFG,PHG,STG,TCX	NA	ENSG00000260077	ENSG00000260077	0.0257142857142857	0.040787680423715	ENSG00000164932_ENSG00000260077
ENSG00000164932	CTHRC1	M62	CBE,DLPFC,FP,IFG,PHG,STG,TCX	NA	ENSG00000143924	EML4	0.0228571428571429	-0.0159339153616666	ENSG00000164932_ENSG00000143924
ENSG00000164932	CTHRC1	M62	CBE,DLPFC,FP,IFG,PHG,STG,TCX	NA	ENSG00000064933	PMS1	0.0242857142857143	-0.00484402446538493	ENSG00000164932_ENSG00000064933
ENSG00000164932	CTHRC1	M62	CBE,DLPFC,FP,IFG,PHG,STG,TCX	NA	ENSG00000134077	THUMPD3	0.0228571428571429	0.0254212808920662	ENSG00000164932_ENSG00000134077
ENSG00000164932	CTHRC1	M62	CBE,DLPFC,FP,IFG,PHG,STG,TCX	NA	ENSG00000173542	MOB1B	0.0228571428571429	-0.0632819014021608	ENSG00000164932_ENSG00000173542
ENSG00000164932	CTHRC1	M62	CBE,DLPFC,FP,IFG,PHG,STG,TCX	NA	ENSG00000124279	FASTKD3	0.0242857142857143	-0.0717149507862744	ENSG00000164932_ENSG00000124279
ENSG00000164932	CTHRC1	M62	CBE,DLPFC,FP,IFG,PHG,STG,TCX	NA	ENSG00000164434	FABP7	0.0214285714285714	-0.151512527829168	ENSG00000164932_ENSG00000164434
ENSG00000164932	CTHRC1	M62	CBE,DLPFC,FP,IFG,PHG,STG,TCX	NA	ENSG00000112562	SMOC2	0.0228571428571429	0.0730285836798892	ENSG00000164932_ENSG00000112562
ENSG00000164932	CTHRC1	M62	CBE,DLPFC,FP,IFG,PHG,STG,TCX	NA	ENSG00000235314	LINC00957	0.0314285714285714	-0.0881149785024542	ENSG00000164932_ENSG00000235314
ENSG00000164932	CTHRC1	M62	CBE,DLPFC,FP,IFG,PHG,STG,TCX	NA	ENSG00000243302	ENSG00000243302	0.0214285714285714	-0.121651615250495	ENSG00000164932_ENSG00000243302
ENSG00000164932	CTHRC1	M62	CBE,DLPFC,FP,IFG,PHG,STG,TCX	NA	ENSG00000089234	BRAP	0.0214285714285714	-0.0654276828672945	ENSG00000164932_ENSG00000089234
ENSG00000164932	CTHRC1	M62	CBE,DLPFC,FP,IFG,PHG,STG,TCX	NA	ENSG00000150527	MIA2	0.0242857142857143	-0.0254235962318549	ENSG00000164932_ENSG00000150527
ENSG00000164932	CTHRC1	M62	CBE,DLPFC,FP,IFG,PHG,STG,TCX	NA	ENSG00000136378	ADAMTS7	0.04	0.0724503080726838	ENSG00000164932_ENSG00000136378
ENSG00000164932	CTHRC1	M62	CBE,DLPFC,FP,IFG,PHG,STG,TCX	NA	ENSG00000261123	ENSG00000261123	0.0457142857142857	0.00977463451779462	ENSG00000164932_ENSG00000261123
ENSG00000164932	CTHRC1	M62	CBE,DLPFC,FP,IFG,PHG,STG,TCX	NA	ENSG00000167720	SRR	0.0228571428571429	-0.114373294560094	ENSG00000164932_ENSG00000167720
ENSG00000164932	CTHRC1	M62	CBE,DLPFC,FP,IFG,PHG,STG,TCX	NA	ENSG00000157557	ETS2	0.0271428571428571	0.187494478088102	ENSG00000164932_ENSG00000157557
ENSG00000164932	CTHRC1	M62	CBE,DLPFC,FP,IFG,PHG,STG,TCX	NA	ENSG00000100092	SH3BP1	0.0285714285714286	0.117883305393234	ENSG00000164932_ENSG00000100092
ENSG00000164932	CTHRC1	M62	CBE,DLPFC,FP,IFG,PHG,STG,TCX	NA	ENSG00000147174	GCNA	0.0214285714285714	0.137798282767033	ENSG00000164932_ENSG00000147174
ENSG00000164932	CTHRC1	M62	CBE,DLPFC,FP,IFG,PHG,STG,TCX	NA	ENSG00000263412	ENSG00000263412	0.0228571428571429	-0.0299499393468599	ENSG00000164932_ENSG00000263412
ENSG00000164932	CTHRC1	M62	CBE,DLPFC,FP,IFG,PHG,STG,TCX	NA	ENSG00000162552	WNT4	0.0571428571428571	0.131927110963443	ENSG00000164932_ENSG00000162552
ENSG00000102755	FLT1	M62	CBE,DLPFC,FP,IFG,PHG,STG,TCX	NA	ENSG00000102755	FLT1	1	1	ENSG00000102755_ENSG00000102755
ENSG00000102755	FLT1	M62	CBE,DLPFC,FP,IFG,PHG,STG,TCX	NA	ENSG00000183888	SRARP	0.215714285714286	0.6366635293999	ENSG00000102755_ENSG00000183888
ENSG00000102755	FLT1	M62	CBE,DLPFC,FP,IFG,PHG,STG,TCX	NA	ENSG00000117394	SLC2A1	0.188571428571429	0.664954106575584	ENSG00000102755_ENSG00000117394
ENSG00000102755	FLT1	M62	CBE,DLPFC,FP,IFG,PHG,STG,TCX	NA	ENSG00000138074	SLC5A6	0.06	0.155329253663469	ENSG00000102755_ENSG00000138074
ENSG00000102755	FLT1	M62	CBE,DLPFC,FP,IFG,PHG,STG,TCX	NA	ENSG00000085276	MECOM	0.0671428571428571	0.664099822217988	ENSG00000102755_ENSG00000085276
ENSG00000102755	FLT1	M62	CBE,DLPFC,FP,IFG,PHG,STG,TCX	NA	ENSG00000150630	VEGFC	0.108571428571429	0.415402717806361	ENSG00000102755_ENSG00000150630
ENSG00000102755	FLT1	M62	CBE,DLPFC,FP,IFG,PHG,STG,TCX	NA	ENSG00000118523	CCN2	0.138571428571429	0.0455129532733807	ENSG00000102755_ENSG00000118523
ENSG00000102755	FLT1	M62	CBE,DLPFC,FP,IFG,PHG,STG,TCX	NA	ENSG00000120279	MYCT1	0.0757142857142857	0.555558119387935	ENSG00000102755_ENSG00000120279
ENSG00000102755	FLT1	M62	CBE,DLPFC,FP,IFG,PHG,STG,TCX	NA	ENSG00000128567	PODXL	0.174285714285714	0.59105316817935	ENSG00000102755_ENSG00000128567
ENSG00000102755	FLT1	M62	CBE,DLPFC,FP,IFG,PHG,STG,TCX	NA	ENSG00000159167	STC1	0.0742857142857143	0.569975759683601	ENSG00000102755_ENSG00000159167
ENSG00000102755	FLT1	M62	CBE,DLPFC,FP,IFG,PHG,STG,TCX	NA	ENSG00000260912	ENSG00000260912	0.141428571428571	0.475078795751278	ENSG00000102755_ENSG00000260912
ENSG00000102755	FLT1	M62	CBE,DLPFC,FP,IFG,PHG,STG,TCX	NA	ENSG00000178878	APOLD1	0.13	0.595401981473163	ENSG00000102755_ENSG00000178878
ENSG00000102755	FLT1	M62	CBE,DLPFC,FP,IFG,PHG,STG,TCX	NA	ENSG00000073060	SCARB1	0.217142857142857	0.455265844405785	ENSG00000102755_ENSG00000073060
ENSG00000102755	FLT1	M62	CBE,DLPFC,FP,IFG,PHG,STG,TCX	NA	ENSG00000152207	CYSLTR2	0.0528571428571429	0.377521501034332	ENSG00000102755_ENSG00000152207
ENSG00000102755	FLT1	M62	CBE,DLPFC,FP,IFG,PHG,STG,TCX	NA	ENSG00000128917	DLL4	0.187142857142857	0.639778841487666	ENSG00000102755_ENSG00000128917
ENSG00000102755	FLT1	M62	CBE,DLPFC,FP,IFG,PHG,STG,TCX	NA	ENSG00000213853	EMP2	0.168571428571429	0.590913254567226	ENSG00000102755_ENSG00000213853
ENSG00000102755	FLT1	M62	CBE,DLPFC,FP,IFG,PHG,STG,TCX	NA	ENSG00000261371	PECAM1	0.0628571428571429	0.698080758636211	ENSG00000102755_ENSG00000261371
ENSG00000102755	FLT1	M62	CBE,DLPFC,FP,IFG,PHG,STG,TCX	NA	ENSG00000105227	PRX	0.0985714285714286	0.541186956488524	ENSG00000102755_ENSG00000105227
ENSG00000102755	FLT1	M62	CBE,DLPFC,FP,IFG,PHG,STG,TCX	NA	ENSG00000198959	TGM2	0.132857142857143	0.697599999691071	ENSG00000102755_ENSG00000198959
ENSG00000102755	FLT1	M62	CBE,DLPFC,FP,IFG,PHG,STG,TCX	NA	ENSG00000101187	SLCO4A1	0.157142857142857	0.697046372831048	ENSG00000102755_ENSG00000101187
ENSG00000266524	GDF10	M62	CBE,DLPFC,FP,IFG,PHG,STG,TCX	NA	ENSG00000266524	GDF10	1	1	ENSG00000266524_ENSG00000266524
ENSG00000266524	GDF10	M62	CBE,DLPFC,FP,IFG,PHG,STG,TCX	NA	ENSG00000185668	POU3F1	0.0471428571428571	0.20071747307912	ENSG00000266524_ENSG00000185668
ENSG00000266524	GDF10	M62	CBE,DLPFC,FP,IFG,PHG,STG,TCX	NA	ENSG00000142949	PTPRF	0.04	0.261808561568001	ENSG00000266524_ENSG00000142949
ENSG00000266524	GDF10	M62	CBE,DLPFC,FP,IFG,PHG,STG,TCX	NA	ENSG00000109158	GABRA4	0.03	0.203127977507318	ENSG00000266524_ENSG00000109158
ENSG00000266524	GDF10	M62	CBE,DLPFC,FP,IFG,PHG,STG,TCX	NA	ENSG00000118777	ABCG2	0.0357142857142857	-0.233971232352026	ENSG00000266524_ENSG00000118777
ENSG00000266524	GDF10	M62	CBE,DLPFC,FP,IFG,PHG,STG,TCX	NA	ENSG00000155511	GRIA1	0.0285714285714286	0.204184845403189	ENSG00000266524_ENSG00000155511
ENSG00000266524	GDF10	M62	CBE,DLPFC,FP,IFG,PHG,STG,TCX	NA	ENSG00000214357	NEURL1B	0.0514285714285714	0.270940373755352	ENSG00000266524_ENSG00000214357
ENSG00000266524	GDF10	M62	CBE,DLPFC,FP,IFG,PHG,STG,TCX	NA	ENSG00000176595	KBTBD11	0.0857142857142857	0.285222799856306	ENSG00000266524_ENSG00000176595
ENSG00000266524	GDF10	M62	CBE,DLPFC,FP,IFG,PHG,STG,TCX	NA	ENSG00000104213	PDGFRL	0.0357142857142857	0.0611456734960592	ENSG00000266524_ENSG00000104213
ENSG00000266524	GDF10	M62	CBE,DLPFC,FP,IFG,PHG,STG,TCX	NA	ENSG00000104549	SQLE	0.0471428571428571	-0.178480527207316	ENSG00000266524_ENSG00000104549
ENSG00000266524	GDF10	M62	CBE,DLPFC,FP,IFG,PHG,STG,TCX	NA	ENSG00000178031	ADAMTSL1	0.134285714285714	0.198910519589959	ENSG00000266524_ENSG00000178031
ENSG00000266524	GDF10	M62	CBE,DLPFC,FP,IFG,PHG,STG,TCX	NA	ENSG00000149541	B3GAT3	0.0571428571428571	0.0910371957324663	ENSG00000266524_ENSG00000149541
ENSG00000266524	GDF10	M62	CBE,DLPFC,FP,IFG,PHG,STG,TCX	NA	ENSG00000108551	RASD1	0.0842857142857143	0.358660394178888	ENSG00000266524_ENSG00000108551
ENSG00000266524	GDF10	M62	CBE,DLPFC,FP,IFG,PHG,STG,TCX	NA	ENSG00000141469	SLC14A1	0.0285714285714286	0.232817052420451	ENSG00000266524_ENSG00000141469
ENSG00000266524	GDF10	M62	CBE,DLPFC,FP,IFG,PHG,STG,TCX	NA	ENSG00000102057	KCND1	0.135714285714286	0.21098326769292	ENSG00000266524_ENSG00000102057
ENSG00000266524	GDF10	M62	CBE,DLPFC,FP,IFG,PHG,STG,TCX	NA	ENSG00000157514	TSC22D3	0.0314285714285714	0.153181158357091	ENSG00000266524_ENSG00000157514
ENSG00000266524	GDF10	M62	CBE,DLPFC,FP,IFG,PHG,STG,TCX	NA	ENSG00000186854	TRABD2A	0.0371428571428571	0.151895981081366	ENSG00000266524_ENSG00000186854
ENSG00000266524	GDF10	M62	CBE,DLPFC,FP,IFG,PHG,STG,TCX	NA	ENSG00000115290	GRB14	0.0428571428571429	0.243415398539814	ENSG00000266524_ENSG00000115290
ENSG00000266524	GDF10	M62	CBE,DLPFC,FP,IFG,PHG,STG,TCX	NA	ENSG00000079931	MOXD1	0.0657142857142857	0.190442063075072	ENSG00000266524_ENSG00000079931
ENSG00000266524	GDF10	M62	CBE,DLPFC,FP,IFG,PHG,STG,TCX	NA	ENSG00000150175	FRMPD2B	0.0485714285714286	0.218765526492313	ENSG00000266524_ENSG00000150175
ENSG00000136235	GPNMB	M62	CBE,DLPFC,FP,IFG,PHG,STG,TCX	NA	ENSG00000136235	GPNMB	1	1	ENSG00000136235_ENSG00000136235
ENSG00000136235	GPNMB	M62	CBE,DLPFC,FP,IFG,PHG,STG,TCX	NA	ENSG00000116147	TNR	0.0471428571428571	0.184788465515225	ENSG00000136235_ENSG00000116147
ENSG00000136235	GPNMB	M62	CBE,DLPFC,FP,IFG,PHG,STG,TCX	NA	ENSG00000152049	KCNE4	0.0257142857142857	0.350757066299889	ENSG00000136235_ENSG00000152049
ENSG00000136235	GPNMB	M62	CBE,DLPFC,FP,IFG,PHG,STG,TCX	NA	ENSG00000156966	B3GNT7	0.0257142857142857	0.216083616429819	ENSG00000136235_ENSG00000156966
ENSG00000136235	GPNMB	M62	CBE,DLPFC,FP,IFG,PHG,STG,TCX	NA	ENSG00000152953	STK32B	0.03	0.286571101681401	ENSG00000136235_ENSG00000152953
ENSG00000136235	GPNMB	M62	CBE,DLPFC,FP,IFG,PHG,STG,TCX	NA	ENSG00000132840	BHMT2	0.0257142857142857	0.285517641308055	ENSG00000136235_ENSG00000132840
ENSG00000136235	GPNMB	M62	CBE,DLPFC,FP,IFG,PHG,STG,TCX	NA	ENSG00000038427	VCAN	0.0357142857142857	0.319031411407246	ENSG00000136235_ENSG00000038427
ENSG00000136235	GPNMB	M62	CBE,DLPFC,FP,IFG,PHG,STG,TCX	NA	ENSG00000136243	NUP42	0.472857142857143	0.163289158312759	ENSG00000136235_ENSG00000136243
ENSG00000136235	GPNMB	M62	CBE,DLPFC,FP,IFG,PHG,STG,TCX	NA	ENSG00000187416	LHFPL3	0.0542857142857143	0.317511284441169	ENSG00000136235_ENSG00000187416
ENSG00000136235	GPNMB	M62	CBE,DLPFC,FP,IFG,PHG,STG,TCX	NA	ENSG00000136866	ZFP37	0.0257142857142857	-0.151533627937184	ENSG00000136235_ENSG00000136866
ENSG00000136235	GPNMB	M62	CBE,DLPFC,FP,IFG,PHG,STG,TCX	NA	ENSG00000167081	PBX3	0.03	0.258150177971071	ENSG00000136235_ENSG00000167081
ENSG00000136235	GPNMB	M62	CBE,DLPFC,FP,IFG,PHG,STG,TCX	NA	ENSG00000288011	ENSG00000288011	0.0371428571428571	-0.276386748860904	ENSG00000136235_ENSG00000288011
ENSG00000136235	GPNMB	M62	CBE,DLPFC,FP,IFG,PHG,STG,TCX	NA	ENSG00000110446	SLC15A3	0.0428571428571429	0.384152100886964	ENSG00000136235_ENSG00000110446
ENSG00000136235	GPNMB	M62	CBE,DLPFC,FP,IFG,PHG,STG,TCX	NA	ENSG00000013725	CD6	0.0328571428571429	0.0207654148243676	ENSG00000136235_ENSG00000013725
ENSG00000136235	GPNMB	M62	CBE,DLPFC,FP,IFG,PHG,STG,TCX	NA	ENSG00000168852	TPTE2P5	0.0428571428571429	-0.183275371148085	ENSG00000136235_ENSG00000168852
ENSG00000136235	GPNMB	M62	CBE,DLPFC,FP,IFG,PHG,STG,TCX	NA	ENSG00000187630	DHRS4L2	0.0257142857142857	0.0789986109483143	ENSG00000136235_ENSG00000187630
ENSG00000136235	GPNMB	M62	CBE,DLPFC,FP,IFG,PHG,STG,TCX	NA	ENSG00000099817	POLR2E	0.0385714285714286	-0.233599873053871	ENSG00000136235_ENSG00000099817
ENSG00000136235	GPNMB	M62	CBE,DLPFC,FP,IFG,PHG,STG,TCX	NA	ENSG00000226091	LINC00937	0.0314285714285714	-0.0986868274235515	ENSG00000136235_ENSG00000226091
ENSG00000136235	GPNMB	M62	CBE,DLPFC,FP,IFG,PHG,STG,TCX	NA	ENSG00000157766	ACAN	0.0871428571428571	0.225063182501493	ENSG00000136235_ENSG00000157766
ENSG00000136235	GPNMB	M62	CBE,DLPFC,FP,IFG,PHG,STG,TCX	NA	ENSG00000087245	MMP2	0.0271428571428571	0.32063642317141	ENSG00000136235_ENSG00000087245
ENSG00000110492	MDK	M62	CBE,DLPFC,FP,IFG,PHG,STG,TCX	NA	ENSG00000110492	MDK	1	1	ENSG00000110492_ENSG00000110492
ENSG00000110492	MDK	M62	CBE,DLPFC,FP,IFG,PHG,STG,TCX	NA	ENSG00000198830	HMGN2	0.0771428571428571	0.659290122757781	ENSG00000110492_ENSG00000198830
ENSG00000110492	MDK	M62	CBE,DLPFC,FP,IFG,PHG,STG,TCX	NA	ENSG00000118292	C1orf54	0.0357142857142857	0.462985613785728	ENSG00000110492_ENSG00000118292
ENSG00000110492	MDK	M62	CBE,DLPFC,FP,IFG,PHG,STG,TCX	NA	ENSG00000115758	ODC1	0.221428571428571	0.603540420512114	ENSG00000110492_ENSG00000115758
ENSG00000110492	MDK	M62	CBE,DLPFC,FP,IFG,PHG,STG,TCX	NA	ENSG00000115041	KCNIP3	0.0314285714285714	-0.218113123630967	ENSG00000110492_ENSG00000115041
ENSG00000110492	MDK	M62	CBE,DLPFC,FP,IFG,PHG,STG,TCX	NA	ENSG00000091986	CCDC80	0.0414285714285714	0.236265128924452	ENSG00000110492_ENSG00000091986
ENSG00000110492	MDK	M62	CBE,DLPFC,FP,IFG,PHG,STG,TCX	NA	ENSG00000138646	HERC5	0.0571428571428571	0.25770182839533	ENSG00000110492_ENSG00000138646
ENSG00000110492	MDK	M62	CBE,DLPFC,FP,IFG,PHG,STG,TCX	NA	ENSG00000164104	HMGB2	0.07	0.524140485703469	ENSG00000110492_ENSG00000164104
ENSG00000110492	MDK	M62	CBE,DLPFC,FP,IFG,PHG,STG,TCX	NA	ENSG00000158528	PPP1R9A	0.0357142857142857	-0.373931048931449	ENSG00000110492_ENSG00000158528
ENSG00000110492	MDK	M62	CBE,DLPFC,FP,IFG,PHG,STG,TCX	NA	ENSG00000139410	SDSL	0.388571428571429	0.535513857459646	ENSG00000110492_ENSG00000139410
ENSG00000110492	MDK	M62	CBE,DLPFC,FP,IFG,PHG,STG,TCX	NA	ENSG00000074410	CA12	0.0285714285714286	0.318573331477324	ENSG00000110492_ENSG00000074410
ENSG00000110492	MDK	M62	CBE,DLPFC,FP,IFG,PHG,STG,TCX	NA	ENSG00000167703	SLC43A2	0.0357142857142857	0.233163514235887	ENSG00000110492_ENSG00000167703
ENSG00000110492	MDK	M62	CBE,DLPFC,FP,IFG,PHG,STG,TCX	NA	ENSG00000109113	RAB34	0.04	0.505475950084479	ENSG00000110492_ENSG00000109113
ENSG00000110492	MDK	M62	CBE,DLPFC,FP,IFG,PHG,STG,TCX	NA	ENSG00000131095	GFAP	0.03	0.125998333039396	ENSG00000110492_ENSG00000131095
ENSG00000110492	MDK	M62	CBE,DLPFC,FP,IFG,PHG,STG,TCX	NA	ENSG00000198342	ZNF442	0.0514285714285714	0.453580149747541	ENSG00000110492_ENSG00000198342
ENSG00000110492	MDK	M62	CBE,DLPFC,FP,IFG,PHG,STG,TCX	NA	ENSG00000142279	WTIP	0.0342857142857143	0.238047523882404	ENSG00000110492_ENSG00000142279
ENSG00000110492	MDK	M62	CBE,DLPFC,FP,IFG,PHG,STG,TCX	NA	ENSG00000266964	FXYD1	0.0457142857142857	0.338206736760833	ENSG00000110492_ENSG00000266964
ENSG00000110492	MDK	M62	CBE,DLPFC,FP,IFG,PHG,STG,TCX	NA	ENSG00000125534	PPDPF	0.0957142857142857	0.567937726706162	ENSG00000110492_ENSG00000125534
ENSG00000110492	MDK	M62	CBE,DLPFC,FP,IFG,PHG,STG,TCX	NA	ENSG00000125520	SLC2A4RG	0.12	0.521491444081881	ENSG00000110492_ENSG00000125520
ENSG00000110492	MDK	M62	CBE,DLPFC,FP,IFG,PHG,STG,TCX	NA	ENSG00000102119	EMD	0.06	0.46492424049725	ENSG00000110492_ENSG00000102119
ENSG00000065320	NTN1	M62	CBE,DLPFC,FP,IFG,PHG,STG,TCX	NA	ENSG00000065320	NTN1	1	1	ENSG00000065320_ENSG00000065320
ENSG00000065320	NTN1	M62	CBE,DLPFC,FP,IFG,PHG,STG,TCX	NA	ENSG00000162512	SDC3	0.0414285714285714	0.491863270665968	ENSG00000065320_ENSG00000162512
ENSG00000065320	NTN1	M62	CBE,DLPFC,FP,IFG,PHG,STG,TCX	NA	ENSG00000158864	NDUFS2	0.0328571428571429	-0.441054935150081	ENSG00000065320_ENSG00000158864
ENSG00000065320	NTN1	M62	CBE,DLPFC,FP,IFG,PHG,STG,TCX	NA	ENSG00000162849	KIF26B	0.0542857142857143	0.0913781601102271	ENSG00000065320_ENSG00000162849
ENSG00000065320	NTN1	M62	CBE,DLPFC,FP,IFG,PHG,STG,TCX	NA	ENSG00000144642	RBMS3	0.0614285714285714	0.395568978335857	ENSG00000065320_ENSG00000144642
ENSG00000065320	NTN1	M62	CBE,DLPFC,FP,IFG,PHG,STG,TCX	NA	ENSG00000082781	ITGB5	0.0442857142857143	0.576603104425348	ENSG00000065320_ENSG00000082781
ENSG00000065320	NTN1	M62	CBE,DLPFC,FP,IFG,PHG,STG,TCX	NA	ENSG00000112902	SEMA5A	0.0757142857142857	0.409576737460926	ENSG00000065320_ENSG00000112902
ENSG00000065320	NTN1	M62	CBE,DLPFC,FP,IFG,PHG,STG,TCX	NA	ENSG00000038427	VCAN	0.0314285714285714	0.5358277990203	ENSG00000065320_ENSG00000038427
ENSG00000065320	NTN1	M62	CBE,DLPFC,FP,IFG,PHG,STG,TCX	NA	ENSG00000124766	SOX4	0.0428571428571429	0.1429421122376	ENSG00000065320_ENSG00000124766
ENSG00000065320	NTN1	M62	CBE,DLPFC,FP,IFG,PHG,STG,TCX	NA	ENSG00000228408	ENSG00000228408	0.0414285714285714	0.373285307280086	ENSG00000065320_ENSG00000228408
ENSG00000065320	NTN1	M62	CBE,DLPFC,FP,IFG,PHG,STG,TCX	NA	ENSG00000182095	TNRC18	0.0371428571428571	0.19829471373181	ENSG00000065320_ENSG00000182095
ENSG00000065320	NTN1	M62	CBE,DLPFC,FP,IFG,PHG,STG,TCX	NA	ENSG00000147588	PMP2	0.0357142857142857	0.470386439856997	ENSG00000065320_ENSG00000147588
ENSG00000065320	NTN1	M62	CBE,DLPFC,FP,IFG,PHG,STG,TCX	NA	ENSG00000106823	ECM2	0.0528571428571429	0.407264589526336	ENSG00000065320_ENSG00000106823
ENSG00000065320	NTN1	M62	CBE,DLPFC,FP,IFG,PHG,STG,TCX	NA	ENSG00000186174	BCL9L	0.0414285714285714	0.166821837570877	ENSG00000065320_ENSG00000186174
ENSG00000065320	NTN1	M62	CBE,DLPFC,FP,IFG,PHG,STG,TCX	NA	ENSG00000157890	MEGF11	0.0385714285714286	0.186577850143886	ENSG00000065320_ENSG00000157890
ENSG00000065320	NTN1	M62	CBE,DLPFC,FP,IFG,PHG,STG,TCX	NA	ENSG00000102935	ZNF423	0.0342857142857143	0.478510373374185	ENSG00000065320_ENSG00000102935
ENSG00000065320	NTN1	M62	CBE,DLPFC,FP,IFG,PHG,STG,TCX	NA	ENSG00000087250	MT3	0.0428571428571429	0.12365270093156	ENSG00000065320_ENSG00000087250
ENSG00000065320	NTN1	M62	CBE,DLPFC,FP,IFG,PHG,STG,TCX	NA	ENSG00000140859	KIFC3	0.0314285714285714	0.0318862687427009	ENSG00000065320_ENSG00000140859
ENSG00000065320	NTN1	M62	CBE,DLPFC,FP,IFG,PHG,STG,TCX	NA	ENSG00000286615	ENSG00000286615	0.0328571428571429	0.250846382790092	ENSG00000065320_ENSG00000286615
ENSG00000065320	NTN1	M62	CBE,DLPFC,FP,IFG,PHG,STG,TCX	NA	ENSG00000176887	SOX11	0.0585714285714286	0.229240197213267	ENSG00000065320_ENSG00000176887
ENSG00000122584	NXPH1	M62	CBE,DLPFC,FP,IFG,PHG,STG,TCX	NA	ENSG00000122584	NXPH1	1	1	ENSG00000122584_ENSG00000122584
ENSG00000122584	NXPH1	M62	CBE,DLPFC,FP,IFG,PHG,STG,TCX	NA	ENSG00000171943	SRGAP2C	0.0371428571428571	-0.0717673361713974	ENSG00000122584_ENSG00000171943
ENSG00000122584	NXPH1	M62	CBE,DLPFC,FP,IFG,PHG,STG,TCX	NA	ENSG00000171094	ALK	0.04	0.294203400884127	ENSG00000122584_ENSG00000171094
ENSG00000122584	NXPH1	M62	CBE,DLPFC,FP,IFG,PHG,STG,TCX	NA	ENSG00000144227	NXPH2	0.115714285714286	0.729833884213466	ENSG00000122584_ENSG00000144227
ENSG00000122584	NXPH1	M62	CBE,DLPFC,FP,IFG,PHG,STG,TCX	NA	ENSG00000128683	GAD1	0.245714285714286	0.766245758758332	ENSG00000122584_ENSG00000128683
ENSG00000122584	NXPH1	M62	CBE,DLPFC,FP,IFG,PHG,STG,TCX	NA	ENSG00000178568	ERBB4	0.245714285714286	0.373682643217657	ENSG00000122584_ENSG00000178568
ENSG00000122584	NXPH1	M62	CBE,DLPFC,FP,IFG,PHG,STG,TCX	NA	ENSG00000187957	DNER	0.0528571428571429	0.112357284412645	ENSG00000122584_ENSG00000187957
ENSG00000122584	NXPH1	M62	CBE,DLPFC,FP,IFG,PHG,STG,TCX	NA	ENSG00000151789	ZNF385D	0.09	0.644062279270645	ENSG00000122584_ENSG00000151789
ENSG00000122584	NXPH1	M62	CBE,DLPFC,FP,IFG,PHG,STG,TCX	NA	ENSG00000112902	SEMA5A	0.0414285714285714	0.115866938112058	ENSG00000122584_ENSG00000112902
ENSG00000122584	NXPH1	M62	CBE,DLPFC,FP,IFG,PHG,STG,TCX	NA	ENSG00000038427	VCAN	0.0428571428571429	-0.287936140814728	ENSG00000122584_ENSG00000038427
ENSG00000122584	NXPH1	M62	CBE,DLPFC,FP,IFG,PHG,STG,TCX	NA	ENSG00000136750	GAD2	0.142857142857143	0.756509993824497	ENSG00000122584_ENSG00000136750
ENSG00000122584	NXPH1	M62	CBE,DLPFC,FP,IFG,PHG,STG,TCX	NA	ENSG00000150275	PCDH15	0.0485714285714286	0.00345504932960173	ENSG00000122584_ENSG00000150275
ENSG00000122584	NXPH1	M62	CBE,DLPFC,FP,IFG,PHG,STG,TCX	NA	ENSG00000187398	LUZP2	0.124285714285714	0.248070749624275	ENSG00000122584_ENSG00000187398
ENSG00000122584	NXPH1	M62	CBE,DLPFC,FP,IFG,PHG,STG,TCX	NA	ENSG00000151136	BTBD11	0.0371428571428571	0.688481619156321	ENSG00000122584_ENSG00000151136
ENSG00000122584	NXPH1	M62	CBE,DLPFC,FP,IFG,PHG,STG,TCX	NA	ENSG00000277954	ENSG00000277954	0.0457142857142857	0.523557472232579	ENSG00000122584_ENSG00000277954
ENSG00000122584	NXPH1	M62	CBE,DLPFC,FP,IFG,PHG,STG,TCX	NA	ENSG00000090932	DLL3	0.0657142857142857	0.237158881450161	ENSG00000122584_ENSG00000090932
ENSG00000122584	NXPH1	M62	CBE,DLPFC,FP,IFG,PHG,STG,TCX	NA	ENSG00000101438	SLC32A1	0.0757142857142857	0.690777498624224	ENSG00000122584_ENSG00000101438
ENSG00000122584	NXPH1	M62	CBE,DLPFC,FP,IFG,PHG,STG,TCX	NA	ENSG00000171189	GRIK1	0.287142857142857	0.635594730827708	ENSG00000122584_ENSG00000171189
ENSG00000122584	NXPH1	M62	CBE,DLPFC,FP,IFG,PHG,STG,TCX	NA	ENSG00000145681	HAPLN1	0.117142857142857	0.710559744344835	ENSG00000122584_ENSG00000145681
ENSG00000122584	NXPH1	M62	CBE,DLPFC,FP,IFG,PHG,STG,TCX	NA	ENSG00000106852	LHX6	0.134285714285714	0.589509551050913	ENSG00000122584_ENSG00000106852
ENSG00000122584	NXPH1	M62	CBE,DLPFC,FP,IFG,PHG,STG,TCX	NA	ENSG00000004848	ARX	0.0471428571428571	0.465496893359834	ENSG00000122584_ENSG00000004848
ENSG00000105894	PTN	M62	CBE,DLPFC,FP,IFG,PHG,STG,TCX	NA	ENSG00000105894	PTN	1	1	ENSG00000105894_ENSG00000105894
ENSG00000105894	PTN	M62	CBE,DLPFC,FP,IFG,PHG,STG,TCX	NA	ENSG00000128052	KDR	0.104285714285714	0.332092858786292	ENSG00000105894_ENSG00000128052
ENSG00000105894	PTN	M62	CBE,DLPFC,FP,IFG,PHG,STG,TCX	NA	ENSG00000080493	SLC4A4	0.148571428571429	0.741896636179299	ENSG00000105894_ENSG00000080493
ENSG00000105894	PTN	M62	CBE,DLPFC,FP,IFG,PHG,STG,TCX	NA	ENSG00000079215	SLC1A3	0.0414285714285714	0.487302519439866	ENSG00000105894_ENSG00000079215
ENSG00000105894	PTN	M62	CBE,DLPFC,FP,IFG,PHG,STG,TCX	NA	ENSG00000145824	CXCL14	0.0428571428571429	0.361366461844977	ENSG00000105894_ENSG00000145824
ENSG00000105894	PTN	M62	CBE,DLPFC,FP,IFG,PHG,STG,TCX	NA	ENSG00000197977	ELOVL2	0.0957142857142857	0.659415677248844	ENSG00000105894_ENSG00000197977
ENSG00000105894	PTN	M62	CBE,DLPFC,FP,IFG,PHG,STG,TCX	NA	ENSG00000135318	NT5E	0.05	0.541414053058564	ENSG00000105894_ENSG00000135318
ENSG00000105894	PTN	M62	CBE,DLPFC,FP,IFG,PHG,STG,TCX	NA	ENSG00000060762	MPC1	0.05	0.434816040376862	ENSG00000105894_ENSG00000060762
ENSG00000105894	PTN	M62	CBE,DLPFC,FP,IFG,PHG,STG,TCX	NA	ENSG00000164692	COL1A2	0.0742857142857143	0.355677072266006	ENSG00000105894_ENSG00000164692
ENSG00000105894	PTN	M62	CBE,DLPFC,FP,IFG,PHG,STG,TCX	NA	ENSG00000106278	PTPRZ1	0.0642857142857143	0.62402495114044	ENSG00000105894_ENSG00000106278
ENSG00000105894	PTN	M62	CBE,DLPFC,FP,IFG,PHG,STG,TCX	NA	ENSG00000176595	KBTBD11	0.04	-0.119766817642869	ENSG00000105894_ENSG00000176595
ENSG00000105894	PTN	M62	CBE,DLPFC,FP,IFG,PHG,STG,TCX	NA	ENSG00000147588	PMP2	0.0685714285714286	0.483407132994076	ENSG00000105894_ENSG00000147588
ENSG00000105894	PTN	M62	CBE,DLPFC,FP,IFG,PHG,STG,TCX	NA	ENSG00000139155	SLCO1C1	0.0542857142857143	0.602310816795066	ENSG00000105894_ENSG00000139155
ENSG00000105894	PTN	M62	CBE,DLPFC,FP,IFG,PHG,STG,TCX	NA	ENSG00000025423	HSD17B6	0.0785714285714286	0.501933844558678	ENSG00000105894_ENSG00000025423
ENSG00000105894	PTN	M62	CBE,DLPFC,FP,IFG,PHG,STG,TCX	NA	ENSG00000156076	WIF1	0.144285714285714	0.43538203830426	ENSG00000105894_ENSG00000156076
ENSG00000105894	PTN	M62	CBE,DLPFC,FP,IFG,PHG,STG,TCX	NA	ENSG00000134873	CLDN10	0.108571428571429	0.59234986004348	ENSG00000105894_ENSG00000134873
ENSG00000105894	PTN	M62	CBE,DLPFC,FP,IFG,PHG,STG,TCX	NA	ENSG00000211448	DIO2	0.228571428571429	0.460146689009605	ENSG00000105894_ENSG00000211448
ENSG00000105894	PTN	M62	CBE,DLPFC,FP,IFG,PHG,STG,TCX	NA	ENSG00000140522	RLBP1	0.0442857142857143	0.484393057986112	ENSG00000105894_ENSG00000140522
ENSG00000105894	PTN	M62	CBE,DLPFC,FP,IFG,PHG,STG,TCX	NA	ENSG00000130876	SLC7A10	0.0471428571428571	0.466182698227362	ENSG00000105894_ENSG00000130876
ENSG00000105894	PTN	M62	CBE,DLPFC,FP,IFG,PHG,STG,TCX	NA	ENSG00000188064	WNT7B	0.0857142857142857	0.300853260860172	ENSG00000105894_ENSG00000188064
ENSG00000105894	PTN	M62	CBE,DLPFC,FP,IFG,PHG,STG,TCX	NA	ENSG00000101938	CHRDL1	0.04	0.515146862720342	ENSG00000105894_ENSG00000101938
ENSG00000117280	RAB29	M62	CBE,DLPFC,FP,IFG,PHG,STG,TCX	NA	ENSG00000117280	RAB29	1	1	ENSG00000117280_ENSG00000117280
ENSG00000117280	RAB29	M62	CBE,DLPFC,FP,IFG,PHG,STG,TCX	NA	ENSG00000084073	ZMPSTE24	0.0442857142857143	0.567749567440407	ENSG00000117280_ENSG00000084073
ENSG00000117280	RAB29	M62	CBE,DLPFC,FP,IFG,PHG,STG,TCX	NA	ENSG00000286619	ENSG00000286619	0.257142857142857	0.1094989647368	ENSG00000117280_ENSG00000286619
ENSG00000117280	RAB29	M62	CBE,DLPFC,FP,IFG,PHG,STG,TCX	NA	ENSG00000123836	PFKFB2	0.0671428571428571	0.109454777132778	ENSG00000117280_ENSG00000123836
ENSG00000117280	RAB29	M62	CBE,DLPFC,FP,IFG,PHG,STG,TCX	NA	ENSG00000138080	EMILIN1	0.0385714285714286	0.443166458680124	ENSG00000117280_ENSG00000138080
ENSG00000117280	RAB29	M62	CBE,DLPFC,FP,IFG,PHG,STG,TCX	NA	ENSG00000119729	RHOQ	0.0457142857142857	0.66522441878855	ENSG00000117280_ENSG00000119729
ENSG00000117280	RAB29	M62	CBE,DLPFC,FP,IFG,PHG,STG,TCX	NA	ENSG00000084090	STARD7	0.06	0.52662496894111	ENSG00000117280_ENSG00000084090
ENSG00000117280	RAB29	M62	CBE,DLPFC,FP,IFG,PHG,STG,TCX	NA	ENSG00000115107	STEAP3	0.0271428571428571	0.489530727567217	ENSG00000117280_ENSG00000115107
ENSG00000117280	RAB29	M62	CBE,DLPFC,FP,IFG,PHG,STG,TCX	NA	ENSG00000251442	LINC01094	0.0271428571428571	0.52311086095166	ENSG00000117280_ENSG00000251442
ENSG00000117280	RAB29	M62	CBE,DLPFC,FP,IFG,PHG,STG,TCX	NA	ENSG00000205302	SNX2	0.0557142857142857	0.446958036379155	ENSG00000117280_ENSG00000205302
ENSG00000117280	RAB29	M62	CBE,DLPFC,FP,IFG,PHG,STG,TCX	NA	ENSG00000083099	LYRM2	0.0542857142857143	0.0147519326598192	ENSG00000117280_ENSG00000083099
ENSG00000117280	RAB29	M62	CBE,DLPFC,FP,IFG,PHG,STG,TCX	NA	ENSG00000092820	EZR	0.0328571428571429	0.613418147482883	ENSG00000117280_ENSG00000092820
ENSG00000117280	RAB29	M62	CBE,DLPFC,FP,IFG,PHG,STG,TCX	NA	ENSG00000149782	PLCB3	0.0314285714285714	0.588968297306246	ENSG00000117280_ENSG00000149782
ENSG00000117280	RAB29	M62	CBE,DLPFC,FP,IFG,PHG,STG,TCX	NA	ENSG00000068976	PYGM	0.0357142857142857	0.36243896111897	ENSG00000117280_ENSG00000068976
ENSG00000117280	RAB29	M62	CBE,DLPFC,FP,IFG,PHG,STG,TCX	NA	ENSG00000137509	PRCP	0.0428571428571429	0.567910498820715	ENSG00000117280_ENSG00000137509
ENSG00000117280	RAB29	M62	CBE,DLPFC,FP,IFG,PHG,STG,TCX	NA	ENSG00000111328	CDK2AP1	0.0271428571428571	0.647598182249993	ENSG00000117280_ENSG00000111328
ENSG00000117280	RAB29	M62	CBE,DLPFC,FP,IFG,PHG,STG,TCX	NA	ENSG00000233670	PIRT	0.0442857142857143	0.478039239654527	ENSG00000117280_ENSG00000233670
ENSG00000117280	RAB29	M62	CBE,DLPFC,FP,IFG,PHG,STG,TCX	NA	ENSG00000087076	HSD17B14	0.0271428571428571	0.222535433643536	ENSG00000117280_ENSG00000087076
ENSG00000117280	RAB29	M62	CBE,DLPFC,FP,IFG,PHG,STG,TCX	NA	ENSG00000183778	B3GALT5	0.0285714285714286	0.238894172897248	ENSG00000117280_ENSG00000183778
ENSG00000117280	RAB29	M62	CBE,DLPFC,FP,IFG,PHG,STG,TCX	NA	ENSG00000102032	RENBP	0.03	0.453238341981768	ENSG00000117280_ENSG00000102032
ENSG00000117280	RAB29	M62	CBE,DLPFC,FP,IFG,PHG,STG,TCX	NA	ENSG00000184216	IRAK1	0.0314285714285714	0.469869028400767	ENSG00000117280_ENSG00000184216
ENSG00000117280	RAB29	M62	CBE,DLPFC,FP,IFG,PHG,STG,TCX	NA	ENSG00000184809	B3GALT5-AS1	0.0342857142857143	0.455803142161432	ENSG00000117280_ENSG00000184809
ENSG00000124145	SDC4	M62	CBE,DLPFC,FP,IFG,PHG,STG,TCX	NA	ENSG00000124145	SDC4	1	1	ENSG00000124145_ENSG00000124145
ENSG00000124145	SDC4	M62	CBE,DLPFC,FP,IFG,PHG,STG,TCX	NA	ENSG00000143248	RGS5	0.0514285714285714	0.336201478143353	ENSG00000124145_ENSG00000143248
ENSG00000124145	SDC4	M62	CBE,DLPFC,FP,IFG,PHG,STG,TCX	NA	ENSG00000143878	RHOB	0.0642857142857143	0.420419748628985	ENSG00000124145_ENSG00000143878
ENSG00000124145	SDC4	M62	CBE,DLPFC,FP,IFG,PHG,STG,TCX	NA	ENSG00000115112	TFCP2L1	0.0928571428571429	0.472263117398569	ENSG00000124145_ENSG00000115112
ENSG00000124145	SDC4	M62	CBE,DLPFC,FP,IFG,PHG,STG,TCX	NA	ENSG00000187699	C2orf88	0.0428571428571429	0.3136597554673	ENSG00000124145_ENSG00000187699
ENSG00000124145	SDC4	M62	CBE,DLPFC,FP,IFG,PHG,STG,TCX	NA	ENSG00000163285	GABRG1	0.0414285714285714	0.620067178930023	ENSG00000124145_ENSG00000163285
ENSG00000124145	SDC4	M62	CBE,DLPFC,FP,IFG,PHG,STG,TCX	NA	ENSG00000080493	SLC4A4	0.0414285714285714	0.581320259776454	ENSG00000124145_ENSG00000080493
ENSG00000124145	SDC4	M62	CBE,DLPFC,FP,IFG,PHG,STG,TCX	NA	ENSG00000255690	TRIL	0.127142857142857	0.541935193833623	ENSG00000124145_ENSG00000255690
ENSG00000124145	SDC4	M62	CBE,DLPFC,FP,IFG,PHG,STG,TCX	NA	ENSG00000176244	ACBD7	0.0457142857142857	0.651311222205197	ENSG00000124145_ENSG00000176244
ENSG00000124145	SDC4	M62	CBE,DLPFC,FP,IFG,PHG,STG,TCX	NA	ENSG00000205213	LGR4	0.174285714285714	0.528122143425999	ENSG00000124145_ENSG00000205213
ENSG00000124145	SDC4	M62	CBE,DLPFC,FP,IFG,PHG,STG,TCX	NA	ENSG00000258926	ENSG00000258926	0.0685714285714286	0.478918516231847	ENSG00000124145_ENSG00000258926
ENSG00000124145	SDC4	M62	CBE,DLPFC,FP,IFG,PHG,STG,TCX	NA	ENSG00000188549	CCDC9B	0.0385714285714286	0.122274303342875	ENSG00000124145_ENSG00000188549
ENSG00000124145	SDC4	M62	CBE,DLPFC,FP,IFG,PHG,STG,TCX	NA	ENSG00000166819	PLIN1	0.16	0.586626260648736	ENSG00000124145_ENSG00000166819
ENSG00000124145	SDC4	M62	CBE,DLPFC,FP,IFG,PHG,STG,TCX	NA	ENSG00000167676	PLIN4	0.08	0.37616416568343	ENSG00000124145_ENSG00000167676
ENSG00000124145	SDC4	M62	CBE,DLPFC,FP,IFG,PHG,STG,TCX	NA	ENSG00000167772	ANGPTL4	0.135714285714286	0.33616816855307	ENSG00000124145_ENSG00000167772
ENSG00000124145	SDC4	M62	CBE,DLPFC,FP,IFG,PHG,STG,TCX	NA	ENSG00000160318	CLDND2	0.0485714285714286	0.238792191324287	ENSG00000124145_ENSG00000160318
ENSG00000124145	SDC4	M62	CBE,DLPFC,FP,IFG,PHG,STG,TCX	NA	ENSG00000088826	SMOX	0.128571428571429	0.601896403361256	ENSG00000124145_ENSG00000088826
ENSG00000124145	SDC4	M62	CBE,DLPFC,FP,IFG,PHG,STG,TCX	NA	ENSG00000182902	SLC25A18	0.0928571428571429	0.599933583292021	ENSG00000124145_ENSG00000182902
ENSG00000124145	SDC4	M62	CBE,DLPFC,FP,IFG,PHG,STG,TCX	NA	ENSG00000236754	ENSG00000236754	0.0514285714285714	0.332992235629927	ENSG00000124145_ENSG00000236754
ENSG00000124145	SDC4	M62	CBE,DLPFC,FP,IFG,PHG,STG,TCX	NA	ENSG00000029993	HMGB3	0.0457142857142857	0.269601216271576	ENSG00000124145_ENSG00000029993
ENSG00000104332	SFRP1	M62	CBE,DLPFC,FP,IFG,PHG,STG,TCX	NA	ENSG00000104332	SFRP1	1	1	ENSG00000104332_ENSG00000104332
ENSG00000104332	SFRP1	M62	CBE,DLPFC,FP,IFG,PHG,STG,TCX	NA	ENSG00000235098	ANKRD65	0.0457142857142857	0.327966914675573	ENSG00000104332_ENSG00000235098
ENSG00000104332	SFRP1	M62	CBE,DLPFC,FP,IFG,PHG,STG,TCX	NA	ENSG00000187957	DNER	0.0328571428571429	0.426119313872568	ENSG00000104332_ENSG00000187957
ENSG00000104332	SFRP1	M62	CBE,DLPFC,FP,IFG,PHG,STG,TCX	NA	ENSG00000249992	TMEM158	0.0257142857142857	-0.0999017182384754	ENSG00000104332_ENSG00000249992
ENSG00000104332	SFRP1	M62	CBE,DLPFC,FP,IFG,PHG,STG,TCX	NA	ENSG00000157404	KIT	0.0571428571428571	0.0594267529464709	ENSG00000104332_ENSG00000157404
ENSG00000104332	SFRP1	M62	CBE,DLPFC,FP,IFG,PHG,STG,TCX	NA	ENSG00000221914	PPP2R2A	0.0242857142857143	0.271941226006357	ENSG00000104332_ENSG00000221914
ENSG00000104332	SFRP1	M62	CBE,DLPFC,FP,IFG,PHG,STG,TCX	NA	ENSG00000147533	GOLGA7	0.455714285714286	0.58435217011538	ENSG00000104332_ENSG00000147533
ENSG00000104332	SFRP1	M62	CBE,DLPFC,FP,IFG,PHG,STG,TCX	NA	ENSG00000170873	MTSS1	0.0357142857142857	0.47870758915123	ENSG00000104332_ENSG00000170873
ENSG00000104332	SFRP1	M62	CBE,DLPFC,FP,IFG,PHG,STG,TCX	NA	ENSG00000155158	TTC39B	0.0285714285714286	-0.287965728770307	ENSG00000104332_ENSG00000155158
ENSG00000104332	SFRP1	M62	CBE,DLPFC,FP,IFG,PHG,STG,TCX	NA	ENSG00000125485	DDX31	0.0271428571428571	0.225559862848556	ENSG00000104332_ENSG00000125485
ENSG00000104332	SFRP1	M62	CBE,DLPFC,FP,IFG,PHG,STG,TCX	NA	ENSG00000179104	TMTC2	0.0328571428571429	0.577886860453503	ENSG00000104332_ENSG00000179104
ENSG00000104332	SFRP1	M62	CBE,DLPFC,FP,IFG,PHG,STG,TCX	NA	ENSG00000165553	NGB	0.0385714285714286	-0.146307936393076	ENSG00000104332_ENSG00000165553
ENSG00000104332	SFRP1	M62	CBE,DLPFC,FP,IFG,PHG,STG,TCX	NA	ENSG00000166923	GREM1	0.0457142857142857	0.454477222066651	ENSG00000104332_ENSG00000166923
ENSG00000104332	SFRP1	M62	CBE,DLPFC,FP,IFG,PHG,STG,TCX	NA	ENSG00000259583	ENSG00000259583	0.0271428571428571	-0.267628023692386	ENSG00000104332_ENSG00000259583
ENSG00000104332	SFRP1	M62	CBE,DLPFC,FP,IFG,PHG,STG,TCX	NA	ENSG00000131149	GSE1	0.0242857142857143	-0.0779915019000092	ENSG00000104332_ENSG00000131149
ENSG00000104332	SFRP1	M62	CBE,DLPFC,FP,IFG,PHG,STG,TCX	NA	ENSG00000130005	GAMT	0.03	0.348631307837275	ENSG00000104332_ENSG00000130005
ENSG00000104332	SFRP1	M62	CBE,DLPFC,FP,IFG,PHG,STG,TCX	NA	ENSG00000124207	CSE1L	0.0271428571428571	0.385015290018928	ENSG00000104332_ENSG00000124207
ENSG00000104332	SFRP1	M62	CBE,DLPFC,FP,IFG,PHG,STG,TCX	NA	ENSG00000100068	LRP5L	0.0257142857142857	-0.0719087557941226	ENSG00000104332_ENSG00000100068
ENSG00000104332	SFRP1	M62	CBE,DLPFC,FP,IFG,PHG,STG,TCX	NA	ENSG00000237166	LINC01792	0.0257142857142857	0.480698605650047	ENSG00000104332_ENSG00000237166
ENSG00000104332	SFRP1	M62	CBE,DLPFC,FP,IFG,PHG,STG,TCX	NA	ENSG00000105989	WNT2	0.0257142857142857	-0.0555113000684305	ENSG00000104332_ENSG00000105989
ENSG00000104332	SFRP1	M62	CBE,DLPFC,FP,IFG,PHG,STG,TCX	NA	ENSG00000268089	GABRQ	0.0514285714285714	0.0359684297054579	ENSG00000104332_ENSG00000268089
ENSG00000104332	SFRP1	M62	CBE,DLPFC,FP,IFG,PHG,STG,TCX	NA	ENSG00000117707	PROX1	0.0214285714285714	0.544417328964675	ENSG00000104332_ENSG00000117707
ENSG00000104332	SFRP1	M62	CBE,DLPFC,FP,IFG,PHG,STG,TCX	NA	ENSG00000114450	GNB4	0.0157142857142857	0.045687482938552	ENSG00000104332_ENSG00000114450
ENSG00000104332	SFRP1	M62	CBE,DLPFC,FP,IFG,PHG,STG,TCX	NA	ENSG00000124406	ATP8A1	0.0128571428571429	0.383797841858425	ENSG00000104332_ENSG00000124406
ENSG00000104332	SFRP1	M62	CBE,DLPFC,FP,IFG,PHG,STG,TCX	NA	ENSG00000211455	STK38L	0.0214285714285714	-0.27686030456893	ENSG00000104332_ENSG00000211455
ENSG00000104332	SFRP1	M62	CBE,DLPFC,FP,IFG,PHG,STG,TCX	NA	ENSG00000197111	PCBP2	0.0242857142857143	0.0848433939576103	ENSG00000104332_ENSG00000197111
ENSG00000104332	SFRP1	M62	CBE,DLPFC,FP,IFG,PHG,STG,TCX	NA	ENSG00000234056	LINC00463	0.0214285714285714	0.259080393799658	ENSG00000104332_ENSG00000234056
ENSG00000104332	SFRP1	M62	CBE,DLPFC,FP,IFG,PHG,STG,TCX	NA	ENSG00000140600	SH3GL3	0.0114285714285714	0.414094591523826	ENSG00000104332_ENSG00000140600
ENSG00000104332	SFRP1	M62	CBE,DLPFC,FP,IFG,PHG,STG,TCX	NA	ENSG00000198795	ZNF521	0.02	0.182175356901139	ENSG00000104332_ENSG00000198795
ENSG00000145147	SLIT2	M62	CBE,DLPFC,FP,IFG,PHG,STG,TCX	NA	ENSG00000145147	SLIT2	1	1	ENSG00000145147_ENSG00000145147
ENSG00000145147	SLIT2	M62	CBE,DLPFC,FP,IFG,PHG,STG,TCX	NA	ENSG00000155052	CNTNAP5	0.0628571428571429	0.5232670453255	ENSG00000145147_ENSG00000155052
ENSG00000145147	SLIT2	M62	CBE,DLPFC,FP,IFG,PHG,STG,TCX	NA	ENSG00000153246	PLA2R1	0.04	0.309356695414536	ENSG00000145147_ENSG00000153246
ENSG00000145147	SLIT2	M62	CBE,DLPFC,FP,IFG,PHG,STG,TCX	NA	ENSG00000168032	ENTPD3	0.0428571428571429	0.567347717835948	ENSG00000145147_ENSG00000168032
ENSG00000145147	SLIT2	M62	CBE,DLPFC,FP,IFG,PHG,STG,TCX	NA	ENSG00000080224	EPHA6	0.0557142857142857	0.453066350236203	ENSG00000145147_ENSG00000080224
ENSG00000145147	SLIT2	M62	CBE,DLPFC,FP,IFG,PHG,STG,TCX	NA	ENSG00000113319	RASGRF2	0.04	0.53107240368617	ENSG00000145147_ENSG00000113319
ENSG00000145147	SLIT2	M62	CBE,DLPFC,FP,IFG,PHG,STG,TCX	NA	ENSG00000029534	ANK1	0.0328571428571429	0.548127687894687	ENSG00000145147_ENSG00000029534
ENSG00000145147	SLIT2	M62	CBE,DLPFC,FP,IFG,PHG,STG,TCX	NA	ENSG00000147481	SNTG1	0.0428571428571429	0.309864651352449	ENSG00000145147_ENSG00000147481
ENSG00000145147	SLIT2	M62	CBE,DLPFC,FP,IFG,PHG,STG,TCX	NA	ENSG00000178445	GLDC	0.0314285714285714	0.0875617904379525	ENSG00000145147_ENSG00000178445
ENSG00000145147	SLIT2	M62	CBE,DLPFC,FP,IFG,PHG,STG,TCX	NA	ENSG00000136813	ECPAS	0.0614285714285714	0.202265209107915	ENSG00000145147_ENSG00000136813
ENSG00000145147	SLIT2	M62	CBE,DLPFC,FP,IFG,PHG,STG,TCX	NA	ENSG00000166250	CLMP	0.0328571428571429	0.259928244786082	ENSG00000145147_ENSG00000166250
ENSG00000145147	SLIT2	M62	CBE,DLPFC,FP,IFG,PHG,STG,TCX	NA	ENSG00000064309	CDON	0.0314285714285714	0.338453317813752	ENSG00000145147_ENSG00000064309
ENSG00000145147	SLIT2	M62	CBE,DLPFC,FP,IFG,PHG,STG,TCX	NA	ENSG00000151136	BTBD11	0.111428571428571	0.566329329371872	ENSG00000145147_ENSG00000151136
ENSG00000145147	SLIT2	M62	CBE,DLPFC,FP,IFG,PHG,STG,TCX	NA	ENSG00000041515	MYO16	0.0471428571428571	0.403131475562801	ENSG00000145147_ENSG00000041515
ENSG00000145147	SLIT2	M62	CBE,DLPFC,FP,IFG,PHG,STG,TCX	NA	ENSG00000175267	VWA3A	0.0514285714285714	0.212483651945543	ENSG00000145147_ENSG00000175267
ENSG00000145147	SLIT2	M62	CBE,DLPFC,FP,IFG,PHG,STG,TCX	NA	ENSG00000182601	HS3ST4	0.0571428571428571	0.01104780506829	ENSG00000145147_ENSG00000182601
ENSG00000145147	SLIT2	M62	CBE,DLPFC,FP,IFG,PHG,STG,TCX	NA	ENSG00000167306	MYO5B	0.0385714285714286	0.413888872256389	ENSG00000145147_ENSG00000167306
ENSG00000145147	SLIT2	M62	CBE,DLPFC,FP,IFG,PHG,STG,TCX	NA	ENSG00000125967	NECAB3	0.0371428571428571	0.525022714166969	ENSG00000145147_ENSG00000125967
ENSG00000145147	SLIT2	M62	CBE,DLPFC,FP,IFG,PHG,STG,TCX	NA	ENSG00000101438	SLC32A1	0.0314285714285714	0.525304401357447	ENSG00000145147_ENSG00000101438
ENSG00000145147	SLIT2	M62	CBE,DLPFC,FP,IFG,PHG,STG,TCX	NA	ENSG00000101180	HRH3	0.0342857142857143	0.301364550702011	ENSG00000145147_ENSG00000101180
ENSG00000145147	SLIT2	M62	CBE,DLPFC,FP,IFG,PHG,STG,TCX	NA	ENSG00000102181	CD99L2	0.0328571428571429	0.512549479511811	ENSG00000145147_ENSG00000102181
ENSG00000145147	SLIT2	M62	CBE,DLPFC,FP,IFG,PHG,STG,TCX	NA	ENSG00000164326	CARTPT	0.0314285714285714	0.370556788354341	ENSG00000145147_ENSG00000164326
ENSG00000145147	SLIT2	M62	CBE,DLPFC,FP,IFG,PHG,STG,TCX	NA	ENSG00000170419	VSTM2A	0.0342857142857143	0.578645799862317	ENSG00000145147_ENSG00000170419
ENSG00000198732	SMOC1	M62	CBE,DLPFC,FP,IFG,PHG,STG,TCX	NA	ENSG00000198732	SMOC1	1	1	ENSG00000198732_ENSG00000198732
ENSG00000198732	SMOC1	M62	CBE,DLPFC,FP,IFG,PHG,STG,TCX	NA	ENSG00000132692	BCAN	0.0428571428571429	0.420135804527262	ENSG00000198732_ENSG00000132692
ENSG00000198732	SMOC1	M62	CBE,DLPFC,FP,IFG,PHG,STG,TCX	NA	ENSG00000116147	TNR	0.238571428571429	0.416112337530963	ENSG00000198732_ENSG00000116147
ENSG00000198732	SMOC1	M62	CBE,DLPFC,FP,IFG,PHG,STG,TCX	NA	ENSG00000134853	PDGFRA	0.0342857142857143	0.431575974499475	ENSG00000198732_ENSG00000134853
ENSG00000198732	SMOC1	M62	CBE,DLPFC,FP,IFG,PHG,STG,TCX	NA	ENSG00000038427	VCAN	0.0857142857142857	0.61506583237174	ENSG00000198732_ENSG00000038427
ENSG00000198732	SMOC1	M62	CBE,DLPFC,FP,IFG,PHG,STG,TCX	NA	ENSG00000145832	SLC25A48	0.06	0.427322385461619	ENSG00000198732_ENSG00000145832
ENSG00000198732	SMOC1	M62	CBE,DLPFC,FP,IFG,PHG,STG,TCX	NA	ENSG00000160862	AZGP1	0.127142857142857	0.53861227633494	ENSG00000198732_ENSG00000160862
ENSG00000198732	SMOC1	M62	CBE,DLPFC,FP,IFG,PHG,STG,TCX	NA	ENSG00000186193	SAPCD2	0.0514285714285714	0.292691908143738	ENSG00000198732_ENSG00000186193
ENSG00000198732	SMOC1	M62	CBE,DLPFC,FP,IFG,PHG,STG,TCX	NA	ENSG00000077943	ITGA8	0.0871428571428571	0.340313987310116	ENSG00000198732_ENSG00000077943
ENSG00000198732	SMOC1	M62	CBE,DLPFC,FP,IFG,PHG,STG,TCX	NA	ENSG00000110092	CCND1	0.0528571428571429	-0.160440667857123	ENSG00000198732_ENSG00000110092
ENSG00000198732	SMOC1	M62	CBE,DLPFC,FP,IFG,PHG,STG,TCX	NA	ENSG00000157890	MEGF11	0.118571428571429	0.370360843581968	ENSG00000198732_ENSG00000157890
ENSG00000198732	SMOC1	M62	CBE,DLPFC,FP,IFG,PHG,STG,TCX	NA	ENSG00000173546	CSPG4	0.444285714285714	0.62338135229683	ENSG00000198732_ENSG00000173546
ENSG00000198732	SMOC1	M62	CBE,DLPFC,FP,IFG,PHG,STG,TCX	NA	ENSG00000198740	ZNF652	0.0342857142857143	0.588346019722747	ENSG00000198732_ENSG00000198740
ENSG00000198732	SMOC1	M62	CBE,DLPFC,FP,IFG,PHG,STG,TCX	NA	ENSG00000064300	NGFR	0.0357142857142857	0.356567337692975	ENSG00000198732_ENSG00000064300
ENSG00000198732	SMOC1	M62	CBE,DLPFC,FP,IFG,PHG,STG,TCX	NA	ENSG00000196169	KIF19	0.265714285714286	0.611103586540218	ENSG00000198732_ENSG00000196169
ENSG00000198732	SMOC1	M62	CBE,DLPFC,FP,IFG,PHG,STG,TCX	NA	ENSG00000154080	CHST9	0.0357142857142857	0.367529758256875	ENSG00000198732_ENSG00000154080
ENSG00000198732	SMOC1	M62	CBE,DLPFC,FP,IFG,PHG,STG,TCX	NA	ENSG00000124440	HIF3A	0.0585714285714286	0.596762072587899	ENSG00000198732_ENSG00000124440
ENSG00000198732	SMOC1	M62	CBE,DLPFC,FP,IFG,PHG,STG,TCX	NA	ENSG00000101311	FERMT1	0.124285714285714	0.394763998944505	ENSG00000198732_ENSG00000101311
ENSG00000198732	SMOC1	M62	CBE,DLPFC,FP,IFG,PHG,STG,TCX	NA	ENSG00000101347	SAMHD1	0.0414285714285714	0.538841585496541	ENSG00000198732_ENSG00000101347
ENSG00000198732	SMOC1	M62	CBE,DLPFC,FP,IFG,PHG,STG,TCX	NA	ENSG00000196132	MYT1	0.1	0.334646172719338	ENSG00000198732_ENSG00000196132
ENSG00000198732	SMOC1	M62	CBE,DLPFC,FP,IFG,PHG,STG,TCX	NA	ENSG00000205927	OLIG2	0.0442857142857143	0.534781071514034	ENSG00000198732_ENSG00000205927
ENSG00000107742	SPOCK2	M62	CBE,DLPFC,FP,IFG,PHG,STG,TCX	NA	ENSG00000107742	SPOCK2	1	1	ENSG00000107742_ENSG00000107742
ENSG00000107742	SPOCK2	M62	CBE,DLPFC,FP,IFG,PHG,STG,TCX	NA	ENSG00000116260	QSOX1	0.0328571428571429	0.31075774255018	ENSG00000107742_ENSG00000116260
ENSG00000107742	SPOCK2	M62	CBE,DLPFC,FP,IFG,PHG,STG,TCX	NA	ENSG00000138074	SLC5A6	0.05	0.169272231751786	ENSG00000107742_ENSG00000138074
ENSG00000107742	SPOCK2	M62	CBE,DLPFC,FP,IFG,PHG,STG,TCX	NA	ENSG00000114999	TTL	0.0414285714285714	-0.233000750425112	ENSG00000107742_ENSG00000114999
ENSG00000107742	SPOCK2	M62	CBE,DLPFC,FP,IFG,PHG,STG,TCX	NA	ENSG00000010319	SEMA3G	0.0357142857142857	0.20936292181826	ENSG00000107742_ENSG00000010319
ENSG00000107742	SPOCK2	M62	CBE,DLPFC,FP,IFG,PHG,STG,TCX	NA	ENSG00000112782	CLIC5	0.0485714285714286	0.266187334966311	ENSG00000107742_ENSG00000112782
ENSG00000107742	SPOCK2	M62	CBE,DLPFC,FP,IFG,PHG,STG,TCX	NA	ENSG00000197859	ADAMTSL2	0.0928571428571429	0.191036093005825	ENSG00000107742_ENSG00000197859
ENSG00000107742	SPOCK2	M62	CBE,DLPFC,FP,IFG,PHG,STG,TCX	NA	ENSG00000165757	JCAD	0.0414285714285714	0.351071738272463	ENSG00000107742_ENSG00000165757
ENSG00000107742	SPOCK2	M62	CBE,DLPFC,FP,IFG,PHG,STG,TCX	NA	ENSG00000107562	CXCL12	0.05	0.204659221426117	ENSG00000107742_ENSG00000107562
ENSG00000107742	SPOCK2	M62	CBE,DLPFC,FP,IFG,PHG,STG,TCX	NA	ENSG00000148660	CAMK2G	0.0357142857142857	0.387075452969636	ENSG00000107742_ENSG00000148660
ENSG00000107742	SPOCK2	M62	CBE,DLPFC,FP,IFG,PHG,STG,TCX	NA	ENSG00000177098	SCN4B	0.0385714285714286	0.455793601829284	ENSG00000107742_ENSG00000177098
ENSG00000107742	SPOCK2	M62	CBE,DLPFC,FP,IFG,PHG,STG,TCX	NA	ENSG00000023171	GRAMD1B	0.0385714285714286	0.510027956750793	ENSG00000107742_ENSG00000023171
ENSG00000107742	SPOCK2	M62	CBE,DLPFC,FP,IFG,PHG,STG,TCX	NA	ENSG00000011105	TSPAN9	0.0614285714285714	0.367627230510984	ENSG00000107742_ENSG00000011105
ENSG00000107742	SPOCK2	M62	CBE,DLPFC,FP,IFG,PHG,STG,TCX	NA	ENSG00000151746	BICD1	0.0314285714285714	0.301275180348276	ENSG00000107742_ENSG00000151746
ENSG00000107742	SPOCK2	M62	CBE,DLPFC,FP,IFG,PHG,STG,TCX	NA	ENSG00000135472	FAIM2	0.11	0.494974903620354	ENSG00000107742_ENSG00000135472
ENSG00000107742	SPOCK2	M62	CBE,DLPFC,FP,IFG,PHG,STG,TCX	NA	ENSG00000168350	DEGS2	0.07	0.255788831324778	ENSG00000107742_ENSG00000168350
ENSG00000107742	SPOCK2	M62	CBE,DLPFC,FP,IFG,PHG,STG,TCX	NA	ENSG00000103034	NDRG4	0.0571428571428571	0.570831807082117	ENSG00000107742_ENSG00000103034
ENSG00000107742	SPOCK2	M62	CBE,DLPFC,FP,IFG,PHG,STG,TCX	NA	ENSG00000167874	TMEM88	0.0314285714285714	0.117758971943603	ENSG00000107742_ENSG00000167874
ENSG00000107742	SPOCK2	M62	CBE,DLPFC,FP,IFG,PHG,STG,TCX	NA	ENSG00000172270	BSG	0.0757142857142857	0.172844349039447	ENSG00000107742_ENSG00000172270
ENSG00000107742	SPOCK2	M62	CBE,DLPFC,FP,IFG,PHG,STG,TCX	NA	ENSG00000105429	MEGF8	0.04	0.508885215994471	ENSG00000107742_ENSG00000105429
ENSG00000107742	SPOCK2	M62	CBE,DLPFC,FP,IFG,PHG,STG,TCX	NA	ENSG00000104805	NUCB1	0.0385714285714286	0.107811648679432	ENSG00000107742_ENSG00000104805
ENSG00000262655	SPON1	M62	CBE,DLPFC,FP,IFG,PHG,STG,TCX	NA	ENSG00000262655	SPON1	1	1	ENSG00000262655_ENSG00000262655
ENSG00000262655	SPON1	M62	CBE,DLPFC,FP,IFG,PHG,STG,TCX	NA	ENSG00000162407	PLPP3	0.0442857142857143	0.755339989602241	ENSG00000262655_ENSG00000162407
ENSG00000262655	SPON1	M62	CBE,DLPFC,FP,IFG,PHG,STG,TCX	NA	ENSG00000134250	NOTCH2	0.04	0.671666385214654	ENSG00000262655_ENSG00000134250
ENSG00000262655	SPON1	M62	CBE,DLPFC,FP,IFG,PHG,STG,TCX	NA	ENSG00000115902	SLC1A4	0.0485714285714286	0.568554215707388	ENSG00000262655_ENSG00000115902
ENSG00000262655	SPON1	M62	CBE,DLPFC,FP,IFG,PHG,STG,TCX	NA	ENSG00000144369	FAM171B	0.03	0.48500829684692	ENSG00000262655_ENSG00000144369
ENSG00000262655	SPON1	M62	CBE,DLPFC,FP,IFG,PHG,STG,TCX	NA	ENSG00000169860	P2RY1	0.0471428571428571	0.653526875679309	ENSG00000262655_ENSG00000169860
ENSG00000262655	SPON1	M62	CBE,DLPFC,FP,IFG,PHG,STG,TCX	NA	ENSG00000163285	GABRG1	0.0385714285714286	0.69831221765329	ENSG00000262655_ENSG00000163285
ENSG00000262655	SPON1	M62	CBE,DLPFC,FP,IFG,PHG,STG,TCX	NA	ENSG00000080493	SLC4A4	0.0385714285714286	0.63942589524236	ENSG00000262655_ENSG00000080493
ENSG00000262655	SPON1	M62	CBE,DLPFC,FP,IFG,PHG,STG,TCX	NA	ENSG00000083857	FAT1	0.0314285714285714	0.561017496711066	ENSG00000262655_ENSG00000083857
ENSG00000262655	SPON1	M62	CBE,DLPFC,FP,IFG,PHG,STG,TCX	NA	ENSG00000135318	NT5E	0.03	0.508425539648718	ENSG00000262655_ENSG00000135318
ENSG00000262655	SPON1	M62	CBE,DLPFC,FP,IFG,PHG,STG,TCX	NA	ENSG00000106571	GLI3	0.0357142857142857	0.547522439901771	ENSG00000262655_ENSG00000106571
ENSG00000262655	SPON1	M62	CBE,DLPFC,FP,IFG,PHG,STG,TCX	NA	ENSG00000146648	EGFR	0.0385714285714286	0.616394757411248	ENSG00000262655_ENSG00000146648
ENSG00000262655	SPON1	M62	CBE,DLPFC,FP,IFG,PHG,STG,TCX	NA	ENSG00000132541	RIDA	0.0614285714285714	0.58400538419911	ENSG00000262655_ENSG00000132541
ENSG00000262655	SPON1	M62	CBE,DLPFC,FP,IFG,PHG,STG,TCX	NA	ENSG00000148482	SLC39A12	0.167142857142857	0.554137236973684	ENSG00000262655_ENSG00000148482
ENSG00000262655	SPON1	M62	CBE,DLPFC,FP,IFG,PHG,STG,TCX	NA	ENSG00000156076	WIF1	0.0357142857142857	0.349328898834011	ENSG00000262655_ENSG00000156076
ENSG00000262655	SPON1	M62	CBE,DLPFC,FP,IFG,PHG,STG,TCX	NA	ENSG00000121742	GJB6	0.0628571428571429	0.594142310544876	ENSG00000262655_ENSG00000121742
ENSG00000262655	SPON1	M62	CBE,DLPFC,FP,IFG,PHG,STG,TCX	NA	ENSG00000179399	GPC5	0.0314285714285714	0.588635800164452	ENSG00000262655_ENSG00000179399
ENSG00000262655	SPON1	M62	CBE,DLPFC,FP,IFG,PHG,STG,TCX	NA	ENSG00000166819	PLIN1	0.0428571428571429	0.523829386778118	ENSG00000262655_ENSG00000166819
ENSG00000262655	SPON1	M62	CBE,DLPFC,FP,IFG,PHG,STG,TCX	NA	ENSG00000118557	PMFBP1	0.03	-0.115468398378169	ENSG00000262655_ENSG00000118557
ENSG00000262655	SPON1	M62	CBE,DLPFC,FP,IFG,PHG,STG,TCX	NA	ENSG00000188803	SHISA6	0.1	0.438256966292544	ENSG00000262655_ENSG00000188803
ENSG00000262655	SPON1	M62	CBE,DLPFC,FP,IFG,PHG,STG,TCX	NA	ENSG00000167315	ACAA2	0.0457142857142857	0.655912694503027	ENSG00000262655_ENSG00000167315
ENSG00000262655	SPON1	M62	CBE,DLPFC,FP,IFG,PHG,STG,TCX	NA	ENSG00000279082	LINC01727	0.05	0.302315855833274	ENSG00000262655_ENSG00000279082
