ENSG00000135823	STX6	pQTL	CBE,DLPFC,FP,IFG,PHG,STG,TCX	NA	ENSG00000135823	STX6	1	1	ENSG00000135823_ENSG00000135823
ENSG00000135823	STX6	pQTL	CBE,DLPFC,FP,IFG,PHG,STG,TCX	NA	ENSG00000162551	ALPL	0.0285714285714286	-0.214461976273577	ENSG00000135823_ENSG00000162551
ENSG00000135823	STX6	pQTL	CBE,DLPFC,FP,IFG,PHG,STG,TCX	NA	ENSG00000135835	KIAA1614	0.0785714285714286	0.201299568684585	ENSG00000135823_ENSG00000135835
ENSG00000135823	STX6	pQTL	CBE,DLPFC,FP,IFG,PHG,STG,TCX	NA	ENSG00000159348	CYB5R1	0.0271428571428571	-0.256463624505253	ENSG00000135823_ENSG00000159348
ENSG00000135823	STX6	pQTL	CBE,DLPFC,FP,IFG,PHG,STG,TCX	NA	ENSG00000153561	RMND5A	0.0228571428571429	0.342271260736152	ENSG00000135823_ENSG00000153561
ENSG00000135823	STX6	pQTL	CBE,DLPFC,FP,IFG,PHG,STG,TCX	NA	ENSG00000114251	WNT5A	0.02	0.130923567314812	ENSG00000135823_ENSG00000114251
ENSG00000135823	STX6	pQTL	CBE,DLPFC,FP,IFG,PHG,STG,TCX	NA	ENSG00000123505	AMD1	0.05	0.195227674300996	ENSG00000135823_ENSG00000123505
ENSG00000135823	STX6	pQTL	CBE,DLPFC,FP,IFG,PHG,STG,TCX	NA	ENSG00000235652	ENSG00000235652	0.0185714285714286	-0.177476535821186	ENSG00000135823_ENSG00000235652
ENSG00000135823	STX6	pQTL	CBE,DLPFC,FP,IFG,PHG,STG,TCX	NA	ENSG00000224940	PRRT4	0.0314285714285714	0.174848076550754	ENSG00000135823_ENSG00000224940
ENSG00000135823	STX6	pQTL	CBE,DLPFC,FP,IFG,PHG,STG,TCX	NA	ENSG00000107077	KDM4C	0.0157142857142857	0.0122895678635267	ENSG00000135823_ENSG00000107077
ENSG00000135823	STX6	pQTL	CBE,DLPFC,FP,IFG,PHG,STG,TCX	NA	ENSG00000187210	GCNT1	0.0257142857142857	0.0473457082757038	ENSG00000135823_ENSG00000187210
ENSG00000135823	STX6	pQTL	CBE,DLPFC,FP,IFG,PHG,STG,TCX	NA	ENSG00000136156	ITM2B	0.01	-0.285592724136666	ENSG00000135823_ENSG00000136156
ENSG00000135823	STX6	pQTL	CBE,DLPFC,FP,IFG,PHG,STG,TCX	NA	ENSG00000183576	SETD3	0.0328571428571429	-0.0296496431119961	ENSG00000135823_ENSG00000183576
ENSG00000135823	STX6	pQTL	CBE,DLPFC,FP,IFG,PHG,STG,TCX	NA	ENSG00000188215	DCUN1D3	0.0257142857142857	0.29441494444102	ENSG00000135823_ENSG00000188215
ENSG00000135823	STX6	pQTL	CBE,DLPFC,FP,IFG,PHG,STG,TCX	NA	ENSG00000132640	BTBD3	0.04	0.358086687117518	ENSG00000135823_ENSG00000132640
ENSG00000135823	STX6	pQTL	CBE,DLPFC,FP,IFG,PHG,STG,TCX	NA	ENSG00000101109	STK4	0.0128571428571429	0.203454264194562	ENSG00000135823_ENSG00000101109
ENSG00000135823	STX6	pQTL	CBE,DLPFC,FP,IFG,PHG,STG,TCX	NA	ENSG00000196562	SULF2	0.0214285714285714	-0.262591474478829	ENSG00000135823_ENSG00000196562
ENSG00000135823	STX6	pQTL	CBE,DLPFC,FP,IFG,PHG,STG,TCX	NA	ENSG00000156504	FAM122B	0.0114285714285714	0.185017340087988	ENSG00000135823_ENSG00000156504
ENSG00000135823	STX6	pQTL	CBE,DLPFC,FP,IFG,PHG,STG,TCX	NA	ENSG00000184731	FAM110C	0.0371428571428571	0.182366036222754	ENSG00000135823_ENSG00000184731
ENSG00000135823	STX6	pQTL	CBE,DLPFC,FP,IFG,PHG,STG,TCX	NA	ENSG00000170745	KCNS3	0.0157142857142857	0.297628959671901	ENSG00000135823_ENSG00000170745
ENSG00000135823	STX6	pQTL	CBE,DLPFC,FP,IFG,PHG,STG,TCX	NA	ENSG00000122375	OPN4	0.0271428571428571	-0.12133467281281	ENSG00000135823_ENSG00000122375
ENSG00000135823	STX6	pQTL	CBE,DLPFC,FP,IFG,PHG,STG,TCX	NA	ENSG00000258517	ENSG00000258517	0.0228571428571429	0.0340743043457916	ENSG00000135823_ENSG00000258517
ENSG00000103496	STX4	pQTL	CBE,DLPFC,FP,IFG,PHG,STG,TCX	NA	ENSG00000103496	STX4	1	1	ENSG00000103496_ENSG00000103496
ENSG00000103496	STX4	pQTL	CBE,DLPFC,FP,IFG,PHG,STG,TCX	NA	ENSG00000157851	DPYSL5	0.0414285714285714	0.367884934880468	ENSG00000103496_ENSG00000157851
ENSG00000103496	STX4	pQTL	CBE,DLPFC,FP,IFG,PHG,STG,TCX	NA	ENSG00000115216	NRBP1	0.0285714285714286	-0.0530627065456799	ENSG00000103496_ENSG00000115216
ENSG00000103496	STX4	pQTL	CBE,DLPFC,FP,IFG,PHG,STG,TCX	NA	ENSG00000153234	NR4A2	0.0271428571428571	0.131475005920519	ENSG00000103496_ENSG00000153234
ENSG00000103496	STX4	pQTL	CBE,DLPFC,FP,IFG,PHG,STG,TCX	NA	ENSG00000198517	MAFK	0.0314285714285714	0.406954559487381	ENSG00000103496_ENSG00000198517
ENSG00000103496	STX4	pQTL	CBE,DLPFC,FP,IFG,PHG,STG,TCX	NA	ENSG00000224940	PRRT4	0.03	-0.19240852040283	ENSG00000103496_ENSG00000224940
ENSG00000103496	STX4	pQTL	CBE,DLPFC,FP,IFG,PHG,STG,TCX	NA	ENSG00000140396	NCOA2	0.04	-0.215363761741867	ENSG00000103496_ENSG00000140396
ENSG00000103496	STX4	pQTL	CBE,DLPFC,FP,IFG,PHG,STG,TCX	NA	ENSG00000107262	BAG1	0.0314285714285714	0.301093417927318	ENSG00000103496_ENSG00000107262
ENSG00000103496	STX4	pQTL	CBE,DLPFC,FP,IFG,PHG,STG,TCX	NA	ENSG00000180071	ANKRD18A	0.0185714285714286	0.44142004046804	ENSG00000103496_ENSG00000180071
ENSG00000103496	STX4	pQTL	CBE,DLPFC,FP,IFG,PHG,STG,TCX	NA	ENSG00000110492	MDK	0.02	-0.309063801615446	ENSG00000103496_ENSG00000110492
ENSG00000103496	STX4	pQTL	CBE,DLPFC,FP,IFG,PHG,STG,TCX	NA	ENSG00000085721	RRN3	0.0385714285714286	-0.236948190820645	ENSG00000103496_ENSG00000085721
ENSG00000103496	STX4	pQTL	CBE,DLPFC,FP,IFG,PHG,STG,TCX	NA	ENSG00000158865	SLC5A11	0.111428571428571	0.549572349231656	ENSG00000103496_ENSG00000158865
ENSG00000103496	STX4	pQTL	CBE,DLPFC,FP,IFG,PHG,STG,TCX	NA	ENSG00000152910	CNTNAP4	0.0357142857142857	0.18315507139499	ENSG00000103496_ENSG00000152910
ENSG00000103496	STX4	pQTL	CBE,DLPFC,FP,IFG,PHG,STG,TCX	NA	ENSG00000104774	MAN2B1	0.0428571428571429	0.357452546679847	ENSG00000103496_ENSG00000104774
ENSG00000103496	STX4	pQTL	CBE,DLPFC,FP,IFG,PHG,STG,TCX	NA	ENSG00000225178	RPSAP58	0.0428571428571429	-0.0607430610472957	ENSG00000103496_ENSG00000225178
ENSG00000103496	STX4	pQTL	CBE,DLPFC,FP,IFG,PHG,STG,TCX	NA	ENSG00000182310	SPACA6	0.101428571428571	0.472005159258648	ENSG00000103496_ENSG00000182310
ENSG00000103496	STX4	pQTL	CBE,DLPFC,FP,IFG,PHG,STG,TCX	NA	ENSG00000100068	LRP5L	0.0485714285714286	0.222683436045153	ENSG00000103496_ENSG00000100068
ENSG00000103496	STX4	pQTL	CBE,DLPFC,FP,IFG,PHG,STG,TCX	NA	ENSG00000100151	PICK1	0.0314285714285714	0.335485691584188	ENSG00000103496_ENSG00000100151
ENSG00000103496	STX4	pQTL	CBE,DLPFC,FP,IFG,PHG,STG,TCX	NA	ENSG00000071859	FAM50A	0.0757142857142857	0.483848442887621	ENSG00000103496_ENSG00000071859
ENSG00000103496	STX4	pQTL	CBE,DLPFC,FP,IFG,PHG,STG,TCX	NA	ENSG00000231982	ENSG00000231982	0.0514285714285714	-0.20635981400304	ENSG00000103496_ENSG00000231982
ENSG00000103496	STX4	pQTL	CBE,DLPFC,FP,IFG,PHG,STG,TCX	NA	ENSG00000178226	PRSS36	0.0714285714285714	-0.104334215142569	ENSG00000103496_ENSG00000178226
ENSG00000172803	SNX32	pQTL	CBE,DLPFC,FP,IFG,PHG,STG,TCX	NA	ENSG00000172803	SNX32	1	1	ENSG00000172803_ENSG00000172803
ENSG00000172803	SNX32	pQTL	CBE,DLPFC,FP,IFG,PHG,STG,TCX	NA	ENSG00000253304	TMEM200B	0.0357142857142857	-0.166012462803669	ENSG00000172803_ENSG00000253304
ENSG00000172803	SNX32	pQTL	CBE,DLPFC,FP,IFG,PHG,STG,TCX	NA	ENSG00000270084	GAS5-AS1	0.0514285714285714	-0.196761565720959	ENSG00000172803_ENSG00000270084
ENSG00000172803	SNX32	pQTL	CBE,DLPFC,FP,IFG,PHG,STG,TCX	NA	ENSG00000178295	GEN1	0.0214285714285714	-0.115868143011797	ENSG00000172803_ENSG00000178295
ENSG00000172803	SNX32	pQTL	CBE,DLPFC,FP,IFG,PHG,STG,TCX	NA	ENSG00000138002	IFT172	0.07	0.411039714280343	ENSG00000172803_ENSG00000138002
ENSG00000172803	SNX32	pQTL	CBE,DLPFC,FP,IFG,PHG,STG,TCX	NA	ENSG00000114270	COL7A1	0.0271428571428571	0.218233301074387	ENSG00000172803_ENSG00000114270
ENSG00000172803	SNX32	pQTL	CBE,DLPFC,FP,IFG,PHG,STG,TCX	NA	ENSG00000114626	ABTB1	0.03	0.291999575953401	ENSG00000172803_ENSG00000114626
ENSG00000172803	SNX32	pQTL	CBE,DLPFC,FP,IFG,PHG,STG,TCX	NA	ENSG00000204576	PRR3	0.02	0.350901230039212	ENSG00000172803_ENSG00000204576
ENSG00000172803	SNX32	pQTL	CBE,DLPFC,FP,IFG,PHG,STG,TCX	NA	ENSG00000135596	MICAL1	0.0228571428571429	0.445593045810045	ENSG00000172803_ENSG00000135596
ENSG00000172803	SNX32	pQTL	CBE,DLPFC,FP,IFG,PHG,STG,TCX	NA	ENSG00000009950	MLXIPL	0.0328571428571429	0.42344739346609	ENSG00000172803_ENSG00000009950
ENSG00000172803	SNX32	pQTL	CBE,DLPFC,FP,IFG,PHG,STG,TCX	NA	ENSG00000179832	MROH1	0.0228571428571429	0.453807681601613	ENSG00000172803_ENSG00000179832
ENSG00000172803	SNX32	pQTL	CBE,DLPFC,FP,IFG,PHG,STG,TCX	NA	ENSG00000172531	PPP1CA	0.0328571428571429	-0.326947268755466	ENSG00000172803_ENSG00000172531
ENSG00000172803	SNX32	pQTL	CBE,DLPFC,FP,IFG,PHG,STG,TCX	NA	ENSG00000213983	AP1G2	0.0757142857142857	0.490693493188758	ENSG00000172803_ENSG00000213983
ENSG00000172803	SNX32	pQTL	CBE,DLPFC,FP,IFG,PHG,STG,TCX	NA	ENSG00000137802	MAPKBP1	0.0528571428571429	0.505719609675157	ENSG00000172803_ENSG00000137802
ENSG00000172803	SNX32	pQTL	CBE,DLPFC,FP,IFG,PHG,STG,TCX	NA	ENSG00000103550	KNOP1	0.0214285714285714	-0.120055229548799	ENSG00000172803_ENSG00000103550
ENSG00000172803	SNX32	pQTL	CBE,DLPFC,FP,IFG,PHG,STG,TCX	NA	ENSG00000102901	CENPT	0.0171428571428571	0.367284434313302	ENSG00000172803_ENSG00000102901
ENSG00000172803	SNX32	pQTL	CBE,DLPFC,FP,IFG,PHG,STG,TCX	NA	ENSG00000141556	TBCD	0.0228571428571429	0.353796610743448	ENSG00000172803_ENSG00000141556
ENSG00000172803	SNX32	pQTL	CBE,DLPFC,FP,IFG,PHG,STG,TCX	NA	ENSG00000104907	TRMT1	0.0314285714285714	0.339562231174025	ENSG00000172803_ENSG00000104907
ENSG00000172803	SNX32	pQTL	CBE,DLPFC,FP,IFG,PHG,STG,TCX	NA	ENSG00000142185	TRPM2	0.0342857142857143	0.431197685603711	ENSG00000172803_ENSG00000142185
ENSG00000172803	SNX32	pQTL	CBE,DLPFC,FP,IFG,PHG,STG,TCX	NA	ENSG00000226450	CYP2D8P	0.0342857142857143	0.150782914080133	ENSG00000172803_ENSG00000226450
ENSG00000172803	SNX32	pQTL	CBE,DLPFC,FP,IFG,PHG,STG,TCX	NA	ENSG00000255920	CCND2-AS1	0.0271428571428571	0.224147846868593	ENSG00000172803_ENSG00000255920
ENSG00000172803	SNX32	pQTL	CBE,DLPFC,FP,IFG,PHG,STG,TCX	NA	ENSG00000064199	SPA17	0.0114285714285714	-0.0240596802536223	ENSG00000172803_ENSG00000064199
ENSG00000029725	RABEP1	pQTL	CBE,DLPFC,FP,IFG,PHG,STG,TCX	NA	ENSG00000029725	RABEP1	1	1	ENSG00000029725_ENSG00000029725
ENSG00000029725	RABEP1	pQTL	CBE,DLPFC,FP,IFG,PHG,STG,TCX	NA	ENSG00000157077	ZFYVE9	0.0514285714285714	0.287839594348268	ENSG00000029725_ENSG00000157077
ENSG00000029725	RABEP1	pQTL	CBE,DLPFC,FP,IFG,PHG,STG,TCX	NA	ENSG00000143420	ENSA	0.0314285714285714	0.308239320435599	ENSG00000029725_ENSG00000143420
ENSG00000029725	RABEP1	pQTL	CBE,DLPFC,FP,IFG,PHG,STG,TCX	NA	ENSG00000154813	DPH3	0.0757142857142857	0.359690857348431	ENSG00000029725_ENSG00000154813
ENSG00000029725	RABEP1	pQTL	CBE,DLPFC,FP,IFG,PHG,STG,TCX	NA	ENSG00000198585	NUDT16	0.0314285714285714	0.220633736308041	ENSG00000029725_ENSG00000198585
ENSG00000029725	RABEP1	pQTL	CBE,DLPFC,FP,IFG,PHG,STG,TCX	NA	ENSG00000109133	TMEM33	0.0428571428571429	-0.189185501867976	ENSG00000029725_ENSG00000109133
ENSG00000029725	RABEP1	pQTL	CBE,DLPFC,FP,IFG,PHG,STG,TCX	NA	ENSG00000068796	KIF2A	0.0357142857142857	0.338531789333073	ENSG00000029725_ENSG00000068796
ENSG00000029725	RABEP1	pQTL	CBE,DLPFC,FP,IFG,PHG,STG,TCX	NA	ENSG00000118412	CASP8AP2	0.0542857142857143	0.450936094655904	ENSG00000029725_ENSG00000118412
ENSG00000029725	RABEP1	pQTL	CBE,DLPFC,FP,IFG,PHG,STG,TCX	NA	ENSG00000119335	SET	0.0528571428571429	0.51938307073587	ENSG00000029725_ENSG00000119335
ENSG00000029725	RABEP1	pQTL	CBE,DLPFC,FP,IFG,PHG,STG,TCX	NA	ENSG00000134453	RBM17	0.0414285714285714	0.210686306589869	ENSG00000029725_ENSG00000134453
ENSG00000029725	RABEP1	pQTL	CBE,DLPFC,FP,IFG,PHG,STG,TCX	NA	ENSG00000107957	SH3PXD2A	0.0242857142857143	0.229565802910134	ENSG00000029725_ENSG00000107957
ENSG00000029725	RABEP1	pQTL	CBE,DLPFC,FP,IFG,PHG,STG,TCX	NA	ENSG00000107581	EIF3A	0.0585714285714286	0.190737998927586	ENSG00000029725_ENSG00000107581
ENSG00000029725	RABEP1	pQTL	CBE,DLPFC,FP,IFG,PHG,STG,TCX	NA	ENSG00000286418	ENSG00000286418	0.0742857142857143	-0.203860419242854	ENSG00000029725_ENSG00000286418
ENSG00000029725	RABEP1	pQTL	CBE,DLPFC,FP,IFG,PHG,STG,TCX	NA	ENSG00000048649	RSF1	0.0357142857142857	0.316714422715741	ENSG00000029725_ENSG00000048649
ENSG00000029725	RABEP1	pQTL	CBE,DLPFC,FP,IFG,PHG,STG,TCX	NA	ENSG00000135414	GDF11	0.0228571428571429	0.462249897257208	ENSG00000029725_ENSG00000135414
ENSG00000029725	RABEP1	pQTL	CBE,DLPFC,FP,IFG,PHG,STG,TCX	NA	ENSG00000152484	USP12	0.0485714285714286	0.388004715946036	ENSG00000029725_ENSG00000152484
ENSG00000029725	RABEP1	pQTL	CBE,DLPFC,FP,IFG,PHG,STG,TCX	NA	ENSG00000197045	GMFB	0.0485714285714286	0.28346045468273	ENSG00000029725_ENSG00000197045
ENSG00000029725	RABEP1	pQTL	CBE,DLPFC,FP,IFG,PHG,STG,TCX	NA	ENSG00000135720	DYNC1LI2	0.0971428571428571	0.449320044320456	ENSG00000029725_ENSG00000135720
ENSG00000029725	RABEP1	pQTL	CBE,DLPFC,FP,IFG,PHG,STG,TCX	NA	ENSG00000108559	NUP88	0.148571428571429	0.172872859068136	ENSG00000029725_ENSG00000108559
ENSG00000029725	RABEP1	pQTL	CBE,DLPFC,FP,IFG,PHG,STG,TCX	NA	ENSG00000089048	ESF1	0.0314285714285714	0.231633983031022	ENSG00000029725_ENSG00000089048
ENSG00000029725	RABEP1	pQTL	CBE,DLPFC,FP,IFG,PHG,STG,TCX	NA	ENSG00000287085	ENSG00000287085	0.0842857142857143	0.0338494689429428	ENSG00000029725_ENSG00000287085
ENSG00000136717	BIN1	pQTL	CBE,DLPFC,FP,IFG,PHG,STG,TCX	NA	ENSG00000136717	BIN1	1	1	ENSG00000136717_ENSG00000136717
ENSG00000136717	BIN1	pQTL	CBE,DLPFC,FP,IFG,PHG,STG,TCX	NA	ENSG00000137941	TTLL7	0.0457142857142857	0.561168736649166	ENSG00000136717_ENSG00000137941
ENSG00000136717	BIN1	pQTL	CBE,DLPFC,FP,IFG,PHG,STG,TCX	NA	ENSG00000150337	FCGR1A	0.0871428571428571	0.251455172645391	ENSG00000136717_ENSG00000150337
ENSG00000136717	BIN1	pQTL	CBE,DLPFC,FP,IFG,PHG,STG,TCX	NA	ENSG00000163531	NFASC	0.05	0.597456121244112	ENSG00000136717_ENSG00000163531
ENSG00000136717	BIN1	pQTL	CBE,DLPFC,FP,IFG,PHG,STG,TCX	NA	ENSG00000135924	DNAJB2	0.03	0.498107238949614	ENSG00000136717_ENSG00000135924
ENSG00000136717	BIN1	pQTL	CBE,DLPFC,FP,IFG,PHG,STG,TCX	NA	ENSG00000145416	MARCHF1	0.0285714285714286	0.478566951112701	ENSG00000136717_ENSG00000145416
ENSG00000136717	BIN1	pQTL	CBE,DLPFC,FP,IFG,PHG,STG,TCX	NA	ENSG00000164237	CMBL	0.02	-0.288711739703059	ENSG00000136717_ENSG00000164237
ENSG00000136717	BIN1	pQTL	CBE,DLPFC,FP,IFG,PHG,STG,TCX	NA	ENSG00000137221	TJAP1	0.161428571428571	0.723930438883223	ENSG00000136717_ENSG00000137221
ENSG00000136717	BIN1	pQTL	CBE,DLPFC,FP,IFG,PHG,STG,TCX	NA	ENSG00000075618	FSCN1	0.08	0.325744012155522	ENSG00000136717_ENSG00000075618
ENSG00000136717	BIN1	pQTL	CBE,DLPFC,FP,IFG,PHG,STG,TCX	NA	ENSG00000155897	ADCY8	0.0114285714285714	-0.0447812600141378	ENSG00000136717_ENSG00000155897
ENSG00000136717	BIN1	pQTL	CBE,DLPFC,FP,IFG,PHG,STG,TCX	NA	ENSG00000176058	TPRN	0.0628571428571429	0.584047933603502	ENSG00000136717_ENSG00000176058
ENSG00000136717	BIN1	pQTL	CBE,DLPFC,FP,IFG,PHG,STG,TCX	NA	ENSG00000148516	ZEB1	0.0257142857142857	-0.0594573279330759	ENSG00000136717_ENSG00000148516
ENSG00000136717	BIN1	pQTL	CBE,DLPFC,FP,IFG,PHG,STG,TCX	NA	ENSG00000189319	FAM53B	0.0414285714285714	0.622503228393337	ENSG00000136717_ENSG00000189319
ENSG00000136717	BIN1	pQTL	CBE,DLPFC,FP,IFG,PHG,STG,TCX	NA	ENSG00000221968	FADS3	0.0342857142857143	0.268240285559871	ENSG00000136717_ENSG00000221968
ENSG00000136717	BIN1	pQTL	CBE,DLPFC,FP,IFG,PHG,STG,TCX	NA	ENSG00000172890	NADSYN1	0.0328571428571429	0.57185803329694	ENSG00000136717_ENSG00000172890
ENSG00000136717	BIN1	pQTL	CBE,DLPFC,FP,IFG,PHG,STG,TCX	NA	ENSG00000119661	DNAL1	0.0342857142857143	-0.424307642435065	ENSG00000136717_ENSG00000119661
ENSG00000136717	BIN1	pQTL	CBE,DLPFC,FP,IFG,PHG,STG,TCX	NA	ENSG00000280334	ENSG00000280334	0.0671428571428571	0.416471323559215	ENSG00000136717_ENSG00000280334
ENSG00000136717	BIN1	pQTL	CBE,DLPFC,FP,IFG,PHG,STG,TCX	NA	ENSG00000050820	BCAR1	0.0442857142857143	0.45683797916206	ENSG00000136717_ENSG00000050820
ENSG00000136717	BIN1	pQTL	CBE,DLPFC,FP,IFG,PHG,STG,TCX	NA	ENSG00000181409	AATK	0.0485714285714286	0.579456258583449	ENSG00000136717_ENSG00000181409
ENSG00000136717	BIN1	pQTL	CBE,DLPFC,FP,IFG,PHG,STG,TCX	NA	ENSG00000071626	DAZAP1	0.0528571428571429	0.493004635249171	ENSG00000136717_ENSG00000071626
ENSG00000136717	BIN1	pQTL	CBE,DLPFC,FP,IFG,PHG,STG,TCX	NA	ENSG00000100156	SLC16A8	0.00857142857142857	0.438236245788219	ENSG00000136717_ENSG00000100156
ENSG00000136717	BIN1	pQTL	CBE,DLPFC,FP,IFG,PHG,STG,TCX	NA	ENSG00000130300	PLVAP	0.0271428571428571	0.122047648760537	ENSG00000136717_ENSG00000130300
ENSG00000135823	STX6	pQTL	CBE,DLPFC,FP,IFG,PHG,STG,TCX	NA	ENSG00000271122	ENSG00000271122	0.0271428571428571	-0.151050349926034	ENSG00000135823_ENSG00000271122
ENSG00000135823	STX6	pQTL	CBE,DLPFC,FP,IFG,PHG,STG,TCX	NA	ENSG00000272010	ENSG00000272010	0.0228571428571429	-0.061182381402254	ENSG00000135823_ENSG00000272010
ENSG00000135823	STX6	pQTL	CBE,DLPFC,FP,IFG,PHG,STG,TCX	NA	ENSG00000147852	VLDLR	0.0242857142857143	0.279144342015589	ENSG00000135823_ENSG00000147852
ENSG00000135823	STX6	pQTL	CBE,DLPFC,FP,IFG,PHG,STG,TCX	NA	ENSG00000148154	UGCG	0.0257142857142857	0.302480719146865	ENSG00000135823_ENSG00000148154
ENSG00000135823	STX6	pQTL	CBE,DLPFC,FP,IFG,PHG,STG,TCX	NA	ENSG00000078725	BRINP1	0.0242857142857143	0.218741317461476	ENSG00000135823_ENSG00000078725
ENSG00000135823	STX6	pQTL	CBE,DLPFC,FP,IFG,PHG,STG,TCX	NA	ENSG00000234420	ZNF37BP	0.0228571428571429	0.0421644573407416	ENSG00000135823_ENSG00000234420
ENSG00000135823	STX6	pQTL	CBE,DLPFC,FP,IFG,PHG,STG,TCX	NA	ENSG00000181291	TMEM132E	0.0271428571428571	0.257863004442778	ENSG00000135823_ENSG00000181291
ENSG00000135823	STX6	pQTL	CBE,DLPFC,FP,IFG,PHG,STG,TCX	NA	ENSG00000101439	CST3	0.0242857142857143	-0.313037118743264	ENSG00000135823_ENSG00000101439
ENSG00000103496	STX4	pQTL	CBE,DLPFC,FP,IFG,PHG,STG,TCX	NA	ENSG00000234585	CCT6P3	0.0314285714285714	0.0830853538772856	ENSG00000103496_ENSG00000234585
ENSG00000103496	STX4	pQTL	CBE,DLPFC,FP,IFG,PHG,STG,TCX	NA	ENSG00000128973	CLN6	0.0328571428571429	0.0925538074420585	ENSG00000103496_ENSG00000128973
ENSG00000103496	STX4	pQTL	CBE,DLPFC,FP,IFG,PHG,STG,TCX	NA	ENSG00000099338	CATSPERG	0.0328571428571429	0.327753125267282	ENSG00000103496_ENSG00000099338
ENSG00000103496	STX4	pQTL	CBE,DLPFC,FP,IFG,PHG,STG,TCX	NA	ENSG00000244062	ENSG00000244062	0.0342857142857143	0.418760394688378	ENSG00000103496_ENSG00000244062
ENSG00000172803	SNX32	pQTL	CBE,DLPFC,FP,IFG,PHG,STG,TCX	NA	ENSG00000010322	NISCH	0.0228571428571429	0.415578797871945	ENSG00000172803_ENSG00000010322
ENSG00000172803	SNX32	pQTL	CBE,DLPFC,FP,IFG,PHG,STG,TCX	NA	ENSG00000137492	THAP12	0.0257142857142857	-0.223404349335536	ENSG00000172803_ENSG00000137492
ENSG00000172803	SNX32	pQTL	CBE,DLPFC,FP,IFG,PHG,STG,TCX	NA	ENSG00000103269	RHBDL1	0.0228571428571429	0.307270277307262	ENSG00000172803_ENSG00000103269
ENSG00000172803	SNX32	pQTL	CBE,DLPFC,FP,IFG,PHG,STG,TCX	NA	ENSG00000129946	SHC2	0.0228571428571429	0.215607553330774	ENSG00000172803_ENSG00000129946
ENSG00000172803	SNX32	pQTL	CBE,DLPFC,FP,IFG,PHG,STG,TCX	NA	ENSG00000167619	TMEM145	0.03	0.44653280470928	ENSG00000172803_ENSG00000167619
ENSG00000172803	SNX32	pQTL	CBE,DLPFC,FP,IFG,PHG,STG,TCX	NA	ENSG00000123130	ACOT9	0.0228571428571429	-0.0323373373184705	ENSG00000172803_ENSG00000123130
ENSG00000140090	SLC24A4	pQTL	CBE,DLPFC,FP,IFG,PHG,STG,TCX	NA	ENSG00000140090	SLC24A4	1	1	ENSG00000140090_ENSG00000140090
ENSG00000140090	SLC24A4	pQTL	CBE,DLPFC,FP,IFG,PHG,STG,TCX	NA	ENSG00000162490	DRAXIN	0.0314285714285714	0.108580067142492	ENSG00000140090_ENSG00000162490
ENSG00000140090	SLC24A4	pQTL	CBE,DLPFC,FP,IFG,PHG,STG,TCX	NA	ENSG00000123612	ACVR1C	0.141428571428571	0.244029582483245	ENSG00000140090_ENSG00000123612
ENSG00000140090	SLC24A4	pQTL	CBE,DLPFC,FP,IFG,PHG,STG,TCX	NA	ENSG00000115232	ITGA4	0.0342857142857143	0.265079058807071	ENSG00000140090_ENSG00000115232
ENSG00000140090	SLC24A4	pQTL	CBE,DLPFC,FP,IFG,PHG,STG,TCX	NA	ENSG00000144668	ITGA9	0.0342857142857143	0.257058564723375	ENSG00000140090_ENSG00000144668
ENSG00000140090	SLC24A4	pQTL	CBE,DLPFC,FP,IFG,PHG,STG,TCX	NA	ENSG00000169851	PCDH7	0.0642857142857143	0.243911335141901	ENSG00000140090_ENSG00000169851
ENSG00000140090	SLC24A4	pQTL	CBE,DLPFC,FP,IFG,PHG,STG,TCX	NA	ENSG00000133401	PDZD2	0.0328571428571429	0.334469620208233	ENSG00000140090_ENSG00000133401
ENSG00000140090	SLC24A4	pQTL	CBE,DLPFC,FP,IFG,PHG,STG,TCX	NA	ENSG00000253846	PCDHGA10	0.0557142857142857	0.0302514806889222	ENSG00000140090_ENSG00000253846
ENSG00000140090	SLC24A4	pQTL	CBE,DLPFC,FP,IFG,PHG,STG,TCX	NA	ENSG00000147655	RSPO2	0.0328571428571429	0.288069389431189	ENSG00000140090_ENSG00000147655
ENSG00000140090	SLC24A4	pQTL	CBE,DLPFC,FP,IFG,PHG,STG,TCX	NA	ENSG00000120049	KCNIP2	0.0442857142857143	0.317360070215194	ENSG00000140090_ENSG00000120049
ENSG00000140090	SLC24A4	pQTL	CBE,DLPFC,FP,IFG,PHG,STG,TCX	NA	ENSG00000157613	CREB3L1	0.0314285714285714	-0.0425837025174187	ENSG00000140090_ENSG00000157613
ENSG00000140090	SLC24A4	pQTL	CBE,DLPFC,FP,IFG,PHG,STG,TCX	NA	ENSG00000118946	PCDH17	0.0357142857142857	-0.140470843871341	ENSG00000140090_ENSG00000118946
ENSG00000140090	SLC24A4	pQTL	CBE,DLPFC,FP,IFG,PHG,STG,TCX	NA	ENSG00000227051	C14orf132	0.0357142857142857	0.341157616899032	ENSG00000140090_ENSG00000227051
ENSG00000140090	SLC24A4	pQTL	CBE,DLPFC,FP,IFG,PHG,STG,TCX	NA	ENSG00000198844	ARHGEF15	0.0328571428571429	-0.151213641352777	ENSG00000140090_ENSG00000198844
ENSG00000140090	SLC24A4	pQTL	CBE,DLPFC,FP,IFG,PHG,STG,TCX	NA	ENSG00000181291	TMEM132E	0.0514285714285714	0.280511132446822	ENSG00000140090_ENSG00000181291
ENSG00000140090	SLC24A4	pQTL	CBE,DLPFC,FP,IFG,PHG,STG,TCX	NA	ENSG00000141744	PNMT	0.0785714285714286	0.247985922553532	ENSG00000140090_ENSG00000141744
ENSG00000140090	SLC24A4	pQTL	CBE,DLPFC,FP,IFG,PHG,STG,TCX	NA	ENSG00000101680	LAMA1	0.0557142857142857	0.0177595966074492	ENSG00000140090_ENSG00000101680
ENSG00000140090	SLC24A4	pQTL	CBE,DLPFC,FP,IFG,PHG,STG,TCX	NA	ENSG00000167487	KLHL26	0.0428571428571429	0.301146987892149	ENSG00000140090_ENSG00000167487
ENSG00000140090	SLC24A4	pQTL	CBE,DLPFC,FP,IFG,PHG,STG,TCX	NA	ENSG00000196867	ZFP28	0.0314285714285714	-0.0681791416310324	ENSG00000140090_ENSG00000196867
ENSG00000140090	SLC24A4	pQTL	CBE,DLPFC,FP,IFG,PHG,STG,TCX	NA	ENSG00000183798	EMILIN3	0.0442857142857143	0.238895570396176	ENSG00000140090_ENSG00000183798
ENSG00000140090	SLC24A4	pQTL	CBE,DLPFC,FP,IFG,PHG,STG,TCX	NA	ENSG00000228358	LINC02263	0.0342857142857143	0.21618328284449	ENSG00000140090_ENSG00000228358
ENSG00000140090	SLC24A4	pQTL	CBE,DLPFC,FP,IFG,PHG,STG,TCX	NA	ENSG00000234423	LINC01250	0.0314285714285714	0.300488953905862	ENSG00000140090_ENSG00000234423
ENSG00000140090	SLC24A4	pQTL	CBE,DLPFC,FP,IFG,PHG,STG,TCX	NA	ENSG00000139988	RDH12	0.0428571428571429	-0.0263598086483926	ENSG00000140090_ENSG00000139988
ENSG00000029725	RABEP1	pQTL	CBE,DLPFC,FP,IFG,PHG,STG,TCX	NA	ENSG00000109189	USP46	0.0385714285714286	0.357169403130948	ENSG00000029725_ENSG00000109189
ENSG00000029725	RABEP1	pQTL	CBE,DLPFC,FP,IFG,PHG,STG,TCX	NA	ENSG00000172354	GNB2	0.0314285714285714	-0.369279224456017	ENSG00000029725_ENSG00000172354
ENSG00000029725	RABEP1	pQTL	CBE,DLPFC,FP,IFG,PHG,STG,TCX	NA	ENSG00000137776	SLTM	0.0385714285714286	0.280041873232424	ENSG00000029725_ENSG00000137776
ENSG00000073008	PVR	pQTL	CBE,DLPFC,FP,IFG,PHG,STG,TCX	NA	ENSG00000073008	PVR	1	1	ENSG00000073008_ENSG00000073008
ENSG00000073008	PVR	pQTL	CBE,DLPFC,FP,IFG,PHG,STG,TCX	NA	ENSG00000115963	RND3	0.0228571428571429	0.239339209311673	ENSG00000073008_ENSG00000115963
ENSG00000073008	PVR	pQTL	CBE,DLPFC,FP,IFG,PHG,STG,TCX	NA	ENSG00000168843	FSTL5	0.0242857142857143	0.320497826062854	ENSG00000073008_ENSG00000168843
ENSG00000073008	PVR	pQTL	CBE,DLPFC,FP,IFG,PHG,STG,TCX	NA	ENSG00000113448	PDE4D	0.0242857142857143	0.386989505700176	ENSG00000073008_ENSG00000113448
ENSG00000073008	PVR	pQTL	CBE,DLPFC,FP,IFG,PHG,STG,TCX	NA	ENSG00000068796	KIF2A	0.0228571428571429	-0.277529219047781	ENSG00000073008_ENSG00000068796
ENSG00000073008	PVR	pQTL	CBE,DLPFC,FP,IFG,PHG,STG,TCX	NA	ENSG00000148339	SLC25A25	0.0271428571428571	0.43428519218097	ENSG00000073008_ENSG00000148339
ENSG00000073008	PVR	pQTL	CBE,DLPFC,FP,IFG,PHG,STG,TCX	NA	ENSG00000165732	DDX21	0.0571428571428571	0.073172439620046	ENSG00000073008_ENSG00000165732
ENSG00000073008	PVR	pQTL	CBE,DLPFC,FP,IFG,PHG,STG,TCX	NA	ENSG00000148840	PPRC1	0.0542857142857143	0.313431548712975	ENSG00000073008_ENSG00000148840
ENSG00000073008	PVR	pQTL	CBE,DLPFC,FP,IFG,PHG,STG,TCX	NA	ENSG00000138166	DUSP5	0.0557142857142857	0.315441252196999	ENSG00000073008_ENSG00000138166
ENSG00000073008	PVR	pQTL	CBE,DLPFC,FP,IFG,PHG,STG,TCX	NA	ENSG00000154133	ROBO4	0.04	-0.103051422110499	ENSG00000073008_ENSG00000154133
ENSG00000073008	PVR	pQTL	CBE,DLPFC,FP,IFG,PHG,STG,TCX	NA	ENSG00000059804	SLC2A3	0.0271428571428571	0.388818859316432	ENSG00000073008_ENSG00000059804
ENSG00000073008	PVR	pQTL	CBE,DLPFC,FP,IFG,PHG,STG,TCX	NA	ENSG00000084112	SSH1	0.0557142857142857	0.400673723230271	ENSG00000073008_ENSG00000084112
ENSG00000073008	PVR	pQTL	CBE,DLPFC,FP,IFG,PHG,STG,TCX	NA	ENSG00000248008	NRAV	0.0257142857142857	0.253671515698591	ENSG00000073008_ENSG00000248008
ENSG00000073008	PVR	pQTL	CBE,DLPFC,FP,IFG,PHG,STG,TCX	NA	ENSG00000140937	CDH11	0.0442857142857143	-0.0779279550786393	ENSG00000073008_ENSG00000140937
ENSG00000073008	PVR	pQTL	CBE,DLPFC,FP,IFG,PHG,STG,TCX	NA	ENSG00000224383	PRR29	0.0242857142857143	0.123697043920436	ENSG00000073008_ENSG00000224383
ENSG00000073008	PVR	pQTL	CBE,DLPFC,FP,IFG,PHG,STG,TCX	NA	ENSG00000069399	BCL3	0.0257142857142857	0.162517960569442	ENSG00000073008_ENSG00000069399
ENSG00000073008	PVR	pQTL	CBE,DLPFC,FP,IFG,PHG,STG,TCX	NA	ENSG00000105538	RASIP1	0.0628571428571429	0.225018475365379	ENSG00000073008_ENSG00000105538
ENSG00000073008	PVR	pQTL	CBE,DLPFC,FP,IFG,PHG,STG,TCX	NA	ENSG00000158470	B4GALT5	0.0642857142857143	0.490195458421537	ENSG00000073008_ENSG00000158470
ENSG00000073008	PVR	pQTL	CBE,DLPFC,FP,IFG,PHG,STG,TCX	NA	ENSG00000087495	PHACTR3	0.0271428571428571	-0.475651959413587	ENSG00000073008_ENSG00000087495
ENSG00000073008	PVR	pQTL	CBE,DLPFC,FP,IFG,PHG,STG,TCX	NA	ENSG00000275993	SIK1B	0.04	0.173021476687555	ENSG00000073008_ENSG00000275993
ENSG00000073008	PVR	pQTL	CBE,DLPFC,FP,IFG,PHG,STG,TCX	NA	ENSG00000157557	ETS2	0.0414285714285714	0.367830863606366	ENSG00000073008_ENSG00000157557
ENSG00000143224	PPOX	pQTL	CBE,DLPFC,FP,IFG,PHG,STG,TCX	NA	ENSG00000143224	PPOX	1	1	ENSG00000143224_ENSG00000143224
ENSG00000143224	PPOX	pQTL	CBE,DLPFC,FP,IFG,PHG,STG,TCX	NA	ENSG00000158286	RNF207	0.02	0.258863906907033	ENSG00000143224_ENSG00000158286
ENSG00000143224	PPOX	pQTL	CBE,DLPFC,FP,IFG,PHG,STG,TCX	NA	ENSG00000196182	STK40	0.0371428571428571	-0.487111975681164	ENSG00000143224_ENSG00000196182
ENSG00000143224	PPOX	pQTL	CBE,DLPFC,FP,IFG,PHG,STG,TCX	NA	ENSG00000163125	RPRD2	0.0185714285714286	0.0316950454369538	ENSG00000143224_ENSG00000163125
ENSG00000143224	PPOX	pQTL	CBE,DLPFC,FP,IFG,PHG,STG,TCX	NA	ENSG00000087338	GMCL1	0.0185714285714286	0.308115615882231	ENSG00000143224_ENSG00000087338
ENSG00000143224	PPOX	pQTL	CBE,DLPFC,FP,IFG,PHG,STG,TCX	NA	ENSG00000177352	CCDC71	0.0228571428571429	0.326320596332539	ENSG00000143224_ENSG00000177352
ENSG00000143224	PPOX	pQTL	CBE,DLPFC,FP,IFG,PHG,STG,TCX	NA	ENSG00000137274	BPHL	0.02	0.457251126417007	ENSG00000143224_ENSG00000137274
ENSG00000143224	PPOX	pQTL	CBE,DLPFC,FP,IFG,PHG,STG,TCX	NA	ENSG00000106479	ZNF862	0.0185714285714286	0.180219998521137	ENSG00000143224_ENSG00000106479
ENSG00000143224	PPOX	pQTL	CBE,DLPFC,FP,IFG,PHG,STG,TCX	NA	ENSG00000177239	MAN1B1	0.0271428571428571	0.585210477464961	ENSG00000143224_ENSG00000177239
ENSG00000143224	PPOX	pQTL	CBE,DLPFC,FP,IFG,PHG,STG,TCX	NA	ENSG00000165644	COMTD1	0.0257142857142857	0.171762920376777	ENSG00000143224_ENSG00000165644
ENSG00000143224	PPOX	pQTL	CBE,DLPFC,FP,IFG,PHG,STG,TCX	NA	ENSG00000148950	IMMP1L	0.0314285714285714	0.344697325086458	ENSG00000143224_ENSG00000148950
ENSG00000143224	PPOX	pQTL	CBE,DLPFC,FP,IFG,PHG,STG,TCX	NA	ENSG00000110583	NAA40	0.0214285714285714	0.360383760850179	ENSG00000143224_ENSG00000110583
ENSG00000143224	PPOX	pQTL	CBE,DLPFC,FP,IFG,PHG,STG,TCX	NA	ENSG00000137700	SLC37A4	0.0314285714285714	0.453274579785264	ENSG00000143224_ENSG00000137700
ENSG00000143224	PPOX	pQTL	CBE,DLPFC,FP,IFG,PHG,STG,TCX	NA	ENSG00000175203	DCTN2	0.04	0.503266605650294	ENSG00000143224_ENSG00000175203
ENSG00000143224	PPOX	pQTL	CBE,DLPFC,FP,IFG,PHG,STG,TCX	NA	ENSG00000167272	POP5	0.0214285714285714	0.107965940420522	ENSG00000143224_ENSG00000167272
ENSG00000143224	PPOX	pQTL	CBE,DLPFC,FP,IFG,PHG,STG,TCX	NA	ENSG00000102901	CENPT	0.0542857142857143	0.266563050732176	ENSG00000143224_ENSG00000102901
ENSG00000143224	PPOX	pQTL	CBE,DLPFC,FP,IFG,PHG,STG,TCX	NA	ENSG00000108474	PIGL	0.0214285714285714	0.476453324652665	ENSG00000143224_ENSG00000108474
ENSG00000143224	PPOX	pQTL	CBE,DLPFC,FP,IFG,PHG,STG,TCX	NA	ENSG00000005961	ITGA2B	0.02	0.235225658683076	ENSG00000143224_ENSG00000005961
ENSG00000143224	PPOX	pQTL	CBE,DLPFC,FP,IFG,PHG,STG,TCX	NA	ENSG00000141295	SCRN2	0.02	0.496037550393098	ENSG00000143224_ENSG00000141295
ENSG00000143224	PPOX	pQTL	CBE,DLPFC,FP,IFG,PHG,STG,TCX	NA	ENSG00000108465	CDK5RAP3	0.0285714285714286	0.16552806244199	ENSG00000143224_ENSG00000108465
ENSG00000143224	PPOX	pQTL	CBE,DLPFC,FP,IFG,PHG,STG,TCX	NA	ENSG00000245848	CEBPA	0.0185714285714286	-0.112640841176858	ENSG00000143224_ENSG00000245848
ENSG00000143224	PPOX	pQTL	CBE,DLPFC,FP,IFG,PHG,STG,TCX	NA	ENSG00000100360	IFT27	0.0228571428571429	0.604857780285923	ENSG00000143224_ENSG00000100360
ENSG00000143224	PPOX	pQTL	CBE,DLPFC,FP,IFG,PHG,STG,TCX	NA	ENSG00000179715	PCED1B	0.0185714285714286	0.198092922182144	ENSG00000143224_ENSG00000179715
ENSG00000107679	PLEKHA1	pQTL	CBE,DLPFC,FP,IFG,PHG,STG,TCX	NA	ENSG00000107679	PLEKHA1	1	1	ENSG00000107679_ENSG00000107679
ENSG00000107679	PLEKHA1	pQTL	CBE,DLPFC,FP,IFG,PHG,STG,TCX	NA	ENSG00000152078	TLCD4	0.0357142857142857	0.337086968059253	ENSG00000107679_ENSG00000152078
ENSG00000107679	PLEKHA1	pQTL	CBE,DLPFC,FP,IFG,PHG,STG,TCX	NA	ENSG00000116127	ALMS1	0.03	-0.429002309476074	ENSG00000107679_ENSG00000116127
ENSG00000107679	PLEKHA1	pQTL	CBE,DLPFC,FP,IFG,PHG,STG,TCX	NA	ENSG00000132326	PER2	0.0471428571428571	-0.308858039670823	ENSG00000107679_ENSG00000132326
ENSG00000107679	PLEKHA1	pQTL	CBE,DLPFC,FP,IFG,PHG,STG,TCX	NA	ENSG00000114757	PEX5L	0.0485714285714286	0.39856638866631	ENSG00000107679_ENSG00000114757
ENSG00000107679	PLEKHA1	pQTL	CBE,DLPFC,FP,IFG,PHG,STG,TCX	NA	ENSG00000151458	ANKRD50	0.0328571428571429	-0.143953702842634	ENSG00000107679_ENSG00000151458
ENSG00000107679	PLEKHA1	pQTL	CBE,DLPFC,FP,IFG,PHG,STG,TCX	NA	ENSG00000052795	FNIP2	0.03	0.434632111806541	ENSG00000107679_ENSG00000052795
ENSG00000107679	PLEKHA1	pQTL	CBE,DLPFC,FP,IFG,PHG,STG,TCX	NA	ENSG00000109466	KLHL2	0.107142857142857	0.42516013597219	ENSG00000107679_ENSG00000109466
ENSG00000107679	PLEKHA1	pQTL	CBE,DLPFC,FP,IFG,PHG,STG,TCX	NA	ENSG00000135338	LCA5	0.0357142857142857	-0.371761623642818	ENSG00000107679_ENSG00000135338
ENSG00000107679	PLEKHA1	pQTL	CBE,DLPFC,FP,IFG,PHG,STG,TCX	NA	ENSG00000080546	SESN1	0.0757142857142857	0.520406122400931	ENSG00000107679_ENSG00000080546
ENSG00000107679	PLEKHA1	pQTL	CBE,DLPFC,FP,IFG,PHG,STG,TCX	NA	ENSG00000161048	NAPEPLD	0.0371428571428571	0.447875785212822	ENSG00000107679_ENSG00000161048
ENSG00000107679	PLEKHA1	pQTL	CBE,DLPFC,FP,IFG,PHG,STG,TCX	NA	ENSG00000123119	NECAB1	0.0314285714285714	0.479657172704289	ENSG00000107679_ENSG00000123119
ENSG00000107679	PLEKHA1	pQTL	CBE,DLPFC,FP,IFG,PHG,STG,TCX	NA	ENSG00000166402	TUB	0.0314285714285714	-0.155848397611113	ENSG00000107679_ENSG00000166402
ENSG00000107679	PLEKHA1	pQTL	CBE,DLPFC,FP,IFG,PHG,STG,TCX	NA	ENSG00000166025	AMOTL1	0.0342857142857143	-0.364447059475244	ENSG00000107679_ENSG00000166025
ENSG00000107679	PLEKHA1	pQTL	CBE,DLPFC,FP,IFG,PHG,STG,TCX	NA	ENSG00000111790	FGFR1OP2	0.0542857142857143	0.466298493658926	ENSG00000107679_ENSG00000111790
ENSG00000107679	PLEKHA1	pQTL	CBE,DLPFC,FP,IFG,PHG,STG,TCX	NA	ENSG00000100884	CPNE6	0.0328571428571429	-0.410827661970812	ENSG00000107679_ENSG00000100884
ENSG00000107679	PLEKHA1	pQTL	CBE,DLPFC,FP,IFG,PHG,STG,TCX	NA	ENSG00000180998	GPR137C	0.0314285714285714	0.493173193051715	ENSG00000107679_ENSG00000180998
ENSG00000107679	PLEKHA1	pQTL	CBE,DLPFC,FP,IFG,PHG,STG,TCX	NA	ENSG00000139971	ARMH4	0.0457142857142857	-0.285585871006106	ENSG00000107679_ENSG00000139971
ENSG00000107679	PLEKHA1	pQTL	CBE,DLPFC,FP,IFG,PHG,STG,TCX	NA	ENSG00000100784	RPS6KA5	0.102857142857143	0.420178460594617	ENSG00000107679_ENSG00000100784
ENSG00000107679	PLEKHA1	pQTL	CBE,DLPFC,FP,IFG,PHG,STG,TCX	NA	ENSG00000104154	SLC30A4	0.03	0.427236604935338	ENSG00000107679_ENSG00000104154
ENSG00000107679	PLEKHA1	pQTL	CBE,DLPFC,FP,IFG,PHG,STG,TCX	NA	ENSG00000075213	SEMA3A	0.0642857142857143	0.340504715860733	ENSG00000107679_ENSG00000075213
ENSG00000107679	PLEKHA1	pQTL	CBE,DLPFC,FP,IFG,PHG,STG,TCX	NA	ENSG00000089558	KCNH4	0.0314285714285714	0.181309483112997	ENSG00000107679_ENSG00000089558
ENSG00000154217	PITPNC1	pQTL	CBE,DLPFC,FP,IFG,PHG,STG,TCX	NA	ENSG00000154217	PITPNC1	1	1	ENSG00000154217_ENSG00000154217
ENSG00000154217	PITPNC1	pQTL	CBE,DLPFC,FP,IFG,PHG,STG,TCX	NA	ENSG00000153904	DDAH1	0.0614285714285714	0.576718139065959	ENSG00000154217_ENSG00000153904
ENSG00000154217	PITPNC1	pQTL	CBE,DLPFC,FP,IFG,PHG,STG,TCX	NA	ENSG00000168710	AHCYL1	0.0528571428571429	0.64335345399557	ENSG00000154217_ENSG00000168710
ENSG00000154217	PITPNC1	pQTL	CBE,DLPFC,FP,IFG,PHG,STG,TCX	NA	ENSG00000155816	FMN2	0.0371428571428571	0.277519738851612	ENSG00000154217_ENSG00000155816
ENSG00000154217	PITPNC1	pQTL	CBE,DLPFC,FP,IFG,PHG,STG,TCX	NA	ENSG00000132164	SLC6A11	0.0814285714285714	0.54736954876332	ENSG00000154217_ENSG00000132164
ENSG00000154217	PITPNC1	pQTL	CBE,DLPFC,FP,IFG,PHG,STG,TCX	NA	ENSG00000169860	P2RY1	0.0314285714285714	0.58143826196167	ENSG00000154217_ENSG00000169860
ENSG00000154217	PITPNC1	pQTL	CBE,DLPFC,FP,IFG,PHG,STG,TCX	NA	ENSG00000138685	FGF2	0.0471428571428571	0.675762711466914	ENSG00000154217_ENSG00000138685
ENSG00000154217	PITPNC1	pQTL	CBE,DLPFC,FP,IFG,PHG,STG,TCX	NA	ENSG00000164125	GASK1B	0.0471428571428571	0.637494426613899	ENSG00000154217_ENSG00000164125
ENSG00000154217	PITPNC1	pQTL	CBE,DLPFC,FP,IFG,PHG,STG,TCX	NA	ENSG00000172461	FUT9	0.03	0.402810273810857	ENSG00000154217_ENSG00000172461
ENSG00000154217	PITPNC1	pQTL	CBE,DLPFC,FP,IFG,PHG,STG,TCX	NA	ENSG00000154319	FAM167A	0.0442857142857143	0.622204752308447	ENSG00000154217_ENSG00000154319
ENSG00000154217	PITPNC1	pQTL	CBE,DLPFC,FP,IFG,PHG,STG,TCX	NA	ENSG00000279302	ENSG00000279302	0.0342857142857143	0.440598935311001	ENSG00000154217_ENSG00000279302
ENSG00000154217	PITPNC1	pQTL	CBE,DLPFC,FP,IFG,PHG,STG,TCX	NA	ENSG00000147509	RGS20	0.0557142857142857	0.599915164596317	ENSG00000154217_ENSG00000147509
ENSG00000154217	PITPNC1	pQTL	CBE,DLPFC,FP,IFG,PHG,STG,TCX	NA	ENSG00000164929	BAALC	0.0428571428571429	0.512397389553813	ENSG00000154217_ENSG00000164929
ENSG00000154217	PITPNC1	pQTL	CBE,DLPFC,FP,IFG,PHG,STG,TCX	NA	ENSG00000134824	FADS2	0.0285714285714286	0.417930301186967	ENSG00000154217_ENSG00000134824
ENSG00000154217	PITPNC1	pQTL	CBE,DLPFC,FP,IFG,PHG,STG,TCX	NA	ENSG00000180263	FGD6	0.0314285714285714	0.541824678326769	ENSG00000154217_ENSG00000180263
ENSG00000154217	PITPNC1	pQTL	CBE,DLPFC,FP,IFG,PHG,STG,TCX	NA	ENSG00000139410	SDSL	0.0371428571428571	0.317374962579045	ENSG00000154217_ENSG00000139410
ENSG00000154217	PITPNC1	pQTL	CBE,DLPFC,FP,IFG,PHG,STG,TCX	NA	ENSG00000171016	PYGO1	0.0342857142857143	0.48132899192455	ENSG00000154217_ENSG00000171016
ENSG00000154217	PITPNC1	pQTL	CBE,DLPFC,FP,IFG,PHG,STG,TCX	NA	ENSG00000154229	PRKCA	0.0342857142857143	0.610628531708123	ENSG00000154217_ENSG00000154229
ENSG00000154217	PITPNC1	pQTL	CBE,DLPFC,FP,IFG,PHG,STG,TCX	NA	ENSG00000100427	MLC1	0.03	0.707000207443446	ENSG00000154217_ENSG00000100427
ENSG00000154217	PITPNC1	pQTL	CBE,DLPFC,FP,IFG,PHG,STG,TCX	NA	ENSG00000101327	PDYN	0.0342857142857143	-0.257104346154222	ENSG00000154217_ENSG00000101327
ENSG00000158793	NIT1	pQTL	CBE,DLPFC,FP,IFG,PHG,STG,TCX	NA	ENSG00000158793	NIT1	1	1	ENSG00000158793_ENSG00000158793
ENSG00000158793	NIT1	pQTL	CBE,DLPFC,FP,IFG,PHG,STG,TCX	NA	ENSG00000116337	AMPD2	0.0257142857142857	-0.173180718167075	ENSG00000158793_ENSG00000116337
ENSG00000158793	NIT1	pQTL	CBE,DLPFC,FP,IFG,PHG,STG,TCX	NA	ENSG00000116455	WDR77	0.0228571428571429	0.296597632181747	ENSG00000158793_ENSG00000116455
ENSG00000158793	NIT1	pQTL	CBE,DLPFC,FP,IFG,PHG,STG,TCX	NA	ENSG00000143624	INTS3	0.0728571428571429	0.291236885362506	ENSG00000158793_ENSG00000143624
ENSG00000158793	NIT1	pQTL	CBE,DLPFC,FP,IFG,PHG,STG,TCX	NA	ENSG00000143314	MRPL24	0.0214285714285714	0.350860000734286	ENSG00000158793_ENSG00000143314
ENSG00000158793	NIT1	pQTL	CBE,DLPFC,FP,IFG,PHG,STG,TCX	NA	ENSG00000177788	ENSG00000177788	0.0228571428571429	0.156069386493807	ENSG00000158793_ENSG00000177788
ENSG00000158793	NIT1	pQTL	CBE,DLPFC,FP,IFG,PHG,STG,TCX	NA	ENSG00000138002	IFT172	0.02	0.138534854320532	ENSG00000158793_ENSG00000138002
ENSG00000158793	NIT1	pQTL	CBE,DLPFC,FP,IFG,PHG,STG,TCX	NA	ENSG00000163541	SUCLG1	0.0214285714285714	0.228457588789223	ENSG00000158793_ENSG00000163541
ENSG00000158793	NIT1	pQTL	CBE,DLPFC,FP,IFG,PHG,STG,TCX	NA	ENSG00000170364	SETMAR	0.02	0.0350362992807254	ENSG00000158793_ENSG00000170364
ENSG00000158793	NIT1	pQTL	CBE,DLPFC,FP,IFG,PHG,STG,TCX	NA	ENSG00000169964	TMEM42	0.0357142857142857	0.37048975498025	ENSG00000158793_ENSG00000169964
ENSG00000158793	NIT1	pQTL	CBE,DLPFC,FP,IFG,PHG,STG,TCX	NA	ENSG00000178057	NDUFAF3	0.0214285714285714	0.354532024679304	ENSG00000158793_ENSG00000178057
ENSG00000158793	NIT1	pQTL	CBE,DLPFC,FP,IFG,PHG,STG,TCX	NA	ENSG00000177646	ACAD9	0.03	0.478383523264437	ENSG00000158793_ENSG00000177646
ENSG00000158793	NIT1	pQTL	CBE,DLPFC,FP,IFG,PHG,STG,TCX	NA	ENSG00000161204	ABCF3	0.0242857142857143	0.149671935285825	ENSG00000158793_ENSG00000161204
ENSG00000158793	NIT1	pQTL	CBE,DLPFC,FP,IFG,PHG,STG,TCX	NA	ENSG00000163312	HELQ	0.0642857142857143	0.115750244294671	ENSG00000158793_ENSG00000163312
ENSG00000158793	NIT1	pQTL	CBE,DLPFC,FP,IFG,PHG,STG,TCX	NA	ENSG00000204351	SKIV2L	0.02	0.136989776638144	ENSG00000158793_ENSG00000204351
ENSG00000158793	NIT1	pQTL	CBE,DLPFC,FP,IFG,PHG,STG,TCX	NA	ENSG00000172432	GTPBP2	0.0471428571428571	0.183112697009148	ENSG00000158793_ENSG00000172432
ENSG00000158793	NIT1	pQTL	CBE,DLPFC,FP,IFG,PHG,STG,TCX	NA	ENSG00000156787	TBC1D31	0.0428571428571429	0.172543644741204	ENSG00000158793_ENSG00000156787
ENSG00000158793	NIT1	pQTL	CBE,DLPFC,FP,IFG,PHG,STG,TCX	NA	ENSG00000136856	SLC2A8	0.0214285714285714	0.0575433638955835	ENSG00000158793_ENSG00000136856
ENSG00000158793	NIT1	pQTL	CBE,DLPFC,FP,IFG,PHG,STG,TCX	NA	ENSG00000090581	GNPTG	0.0228571428571429	0.117856431459962	ENSG00000158793_ENSG00000090581
ENSG00000158793	NIT1	pQTL	CBE,DLPFC,FP,IFG,PHG,STG,TCX	NA	ENSG00000161513	FDXR	0.0257142857142857	0.143127213794215	ENSG00000158793_ENSG00000161513
ENSG00000158793	NIT1	pQTL	CBE,DLPFC,FP,IFG,PHG,STG,TCX	NA	ENSG00000131828	PDHA1	0.0271428571428571	0.238282424682429	ENSG00000158793_ENSG00000131828
ENSG00000130202	NECTIN2	pQTL	CBE,DLPFC,FP,IFG,PHG,STG,TCX	NA	ENSG00000130202	NECTIN2	1	1	ENSG00000130202_ENSG00000130202
ENSG00000130202	NECTIN2	pQTL	CBE,DLPFC,FP,IFG,PHG,STG,TCX	NA	ENSG00000000938	FGR	0.0371428571428571	0.531667068688354	ENSG00000130202_ENSG00000000938
ENSG00000130202	NECTIN2	pQTL	CBE,DLPFC,FP,IFG,PHG,STG,TCX	NA	ENSG00000118292	C1orf54	0.0414285714285714	0.408591511657868	ENSG00000130202_ENSG00000118292
ENSG00000130202	NECTIN2	pQTL	CBE,DLPFC,FP,IFG,PHG,STG,TCX	NA	ENSG00000160712	IL6R	0.0314285714285714	0.56776291998952	ENSG00000130202_ENSG00000160712
ENSG00000130202	NECTIN2	pQTL	CBE,DLPFC,FP,IFG,PHG,STG,TCX	NA	ENSG00000158716	DUSP23	0.0385714285714286	0.410450814030429	ENSG00000130202_ENSG00000158716
ENSG00000130202	NECTIN2	pQTL	CBE,DLPFC,FP,IFG,PHG,STG,TCX	NA	ENSG00000158769	F11R	0.0414285714285714	0.555077133643997	ENSG00000130202_ENSG00000158769
ENSG00000130202	NECTIN2	pQTL	CBE,DLPFC,FP,IFG,PHG,STG,TCX	NA	ENSG00000109220	CHIC2	0.0357142857142857	0.29312905054616	ENSG00000130202_ENSG00000109220
ENSG00000130202	NECTIN2	pQTL	CBE,DLPFC,FP,IFG,PHG,STG,TCX	NA	ENSG00000206503	HLA-A	0.04	0.431928458364626	ENSG00000130202_ENSG00000206503
ENSG00000130202	NECTIN2	pQTL	CBE,DLPFC,FP,IFG,PHG,STG,TCX	NA	ENSG00000154978	VOPP1	0.0385714285714286	0.230119597300982	ENSG00000130202_ENSG00000154978
ENSG00000130202	NECTIN2	pQTL	CBE,DLPFC,FP,IFG,PHG,STG,TCX	NA	ENSG00000164867	NOS3	0.0628571428571429	0.527760423431131	ENSG00000130202_ENSG00000164867
ENSG00000130202	NECTIN2	pQTL	CBE,DLPFC,FP,IFG,PHG,STG,TCX	NA	ENSG00000136830	NIBAN2	0.05	0.63217597819201	ENSG00000130202_ENSG00000136830
ENSG00000130202	NECTIN2	pQTL	CBE,DLPFC,FP,IFG,PHG,STG,TCX	NA	ENSG00000107438	PDLIM1	0.04	0.469577408915236	ENSG00000130202_ENSG00000107438
ENSG00000130202	NECTIN2	pQTL	CBE,DLPFC,FP,IFG,PHG,STG,TCX	NA	ENSG00000166341	DCHS1	0.0385714285714286	0.393724725647457	ENSG00000130202_ENSG00000166341
ENSG00000130202	NECTIN2	pQTL	CBE,DLPFC,FP,IFG,PHG,STG,TCX	NA	ENSG00000154133	ROBO4	0.0342857142857143	0.324756331928003	ENSG00000130202_ENSG00000154133
ENSG00000130202	NECTIN2	pQTL	CBE,DLPFC,FP,IFG,PHG,STG,TCX	NA	ENSG00000120833	SOCS2	0.03	0.143249982322265	ENSG00000130202_ENSG00000120833
ENSG00000130202	NECTIN2	pQTL	CBE,DLPFC,FP,IFG,PHG,STG,TCX	NA	ENSG00000198805	PNP	0.0357142857142857	0.519127427655404	ENSG00000130202_ENSG00000198805
ENSG00000130202	NECTIN2	pQTL	CBE,DLPFC,FP,IFG,PHG,STG,TCX	NA	ENSG00000074660	SCARF1	0.0357142857142857	0.434117421633398	ENSG00000130202_ENSG00000074660
ENSG00000130202	NECTIN2	pQTL	CBE,DLPFC,FP,IFG,PHG,STG,TCX	NA	ENSG00000187244	BCAM	0.165714285714286	0.458927817455308	ENSG00000130202_ENSG00000187244
ENSG00000130202	NECTIN2	pQTL	CBE,DLPFC,FP,IFG,PHG,STG,TCX	NA	ENSG00000105538	RASIP1	0.0628571428571429	0.249775960581783	ENSG00000130202_ENSG00000105538
ENSG00000130202	NECTIN2	pQTL	CBE,DLPFC,FP,IFG,PHG,STG,TCX	NA	ENSG00000185052	SLC24A3	0.0828571428571429	0.107301459597304	ENSG00000130202_ENSG00000185052
ENSG00000110514	MADD	pQTL	CBE,DLPFC,FP,IFG,PHG,STG,TCX	NA	ENSG00000110514	MADD	1	1	ENSG00000110514_ENSG00000110514
ENSG00000110514	MADD	pQTL	CBE,DLPFC,FP,IFG,PHG,STG,TCX	NA	ENSG00000171603	CLSTN1	0.07	0.746173023823107	ENSG00000110514_ENSG00000171603
ENSG00000110514	MADD	pQTL	CBE,DLPFC,FP,IFG,PHG,STG,TCX	NA	ENSG00000160710	ADAR	0.0214285714285714	0.416077323070403	ENSG00000110514_ENSG00000160710
ENSG00000110514	MADD	pQTL	CBE,DLPFC,FP,IFG,PHG,STG,TCX	NA	ENSG00000114650	SCAP	0.0242857142857143	0.107701902631445	ENSG00000110514_ENSG00000114650
ENSG00000110514	MADD	pQTL	CBE,DLPFC,FP,IFG,PHG,STG,TCX	NA	ENSG00000162244	RPL29	0.0214285714285714	-0.489448732914488	ENSG00000110514_ENSG00000162244
ENSG00000110514	MADD	pQTL	CBE,DLPFC,FP,IFG,PHG,STG,TCX	NA	ENSG00000163872	YEATS2	0.0214285714285714	0.453777525674672	ENSG00000110514_ENSG00000163872
ENSG00000110514	MADD	pQTL	CBE,DLPFC,FP,IFG,PHG,STG,TCX	NA	ENSG00000113360	DROSHA	0.06	0.533001211757438	ENSG00000110514_ENSG00000113360
ENSG00000110514	MADD	pQTL	CBE,DLPFC,FP,IFG,PHG,STG,TCX	NA	ENSG00000226314	ZNF192P1	0.0242857142857143	0.242123741872674	ENSG00000110514_ENSG00000226314
ENSG00000110514	MADD	pQTL	CBE,DLPFC,FP,IFG,PHG,STG,TCX	NA	ENSG00000012232	EXTL3	0.0242857142857143	0.507265673642246	ENSG00000110514_ENSG00000012232
ENSG00000110514	MADD	pQTL	CBE,DLPFC,FP,IFG,PHG,STG,TCX	NA	ENSG00000136854	STXBP1	0.0214285714285714	0.731121870307473	ENSG00000110514_ENSG00000136854
ENSG00000110514	MADD	pQTL	CBE,DLPFC,FP,IFG,PHG,STG,TCX	NA	ENSG00000136878	USP20	0.0257142857142857	0.531703877457296	ENSG00000110514_ENSG00000136878
ENSG00000110514	MADD	pQTL	CBE,DLPFC,FP,IFG,PHG,STG,TCX	NA	ENSG00000173064	HECTD4	0.04	0.602934831475162	ENSG00000110514_ENSG00000173064
ENSG00000110514	MADD	pQTL	CBE,DLPFC,FP,IFG,PHG,STG,TCX	NA	ENSG00000176454	LPCAT4	0.05	0.651512800805747	ENSG00000110514_ENSG00000176454
ENSG00000110514	MADD	pQTL	CBE,DLPFC,FP,IFG,PHG,STG,TCX	NA	ENSG00000166963	MAP1A	0.0214285714285714	0.61122317268585	ENSG00000110514_ENSG00000166963
ENSG00000110514	MADD	pQTL	CBE,DLPFC,FP,IFG,PHG,STG,TCX	NA	ENSG00000128915	ICE2	0.0242857142857143	-0.560734111167007	ENSG00000110514_ENSG00000128915
ENSG00000110514	MADD	pQTL	CBE,DLPFC,FP,IFG,PHG,STG,TCX	NA	ENSG00000167972	ABCA3	0.0257142857142857	0.589593393520188	ENSG00000110514_ENSG00000167972
ENSG00000110514	MADD	pQTL	CBE,DLPFC,FP,IFG,PHG,STG,TCX	NA	ENSG00000153066	TXNDC11	0.0214285714285714	0.0871350500969355	ENSG00000110514_ENSG00000153066
ENSG00000110514	MADD	pQTL	CBE,DLPFC,FP,IFG,PHG,STG,TCX	NA	ENSG00000177885	GRB2	0.0285714285714286	0.210873439392854	ENSG00000110514_ENSG00000177885
ENSG00000110514	MADD	pQTL	CBE,DLPFC,FP,IFG,PHG,STG,TCX	NA	ENSG00000167491	GATAD2A	0.0271428571428571	-0.344606641688592	ENSG00000110514_ENSG00000167491
ENSG00000110514	MADD	pQTL	CBE,DLPFC,FP,IFG,PHG,STG,TCX	NA	ENSG00000241973	PI4KA	0.0742857142857143	0.757935105230097	ENSG00000110514_ENSG00000241973
ENSG00000110514	MADD	pQTL	CBE,DLPFC,FP,IFG,PHG,STG,TCX	NA	ENSG00000169895	SYAP1	0.0228571428571429	-0.302180115767493	ENSG00000110514_ENSG00000169895
ENSG00000103642	LACTB	pQTL	CBE,DLPFC,FP,IFG,PHG,STG,TCX	NA	ENSG00000103642	LACTB	1	1	ENSG00000103642_ENSG00000103642
ENSG00000103642	LACTB	pQTL	CBE,DLPFC,FP,IFG,PHG,STG,TCX	NA	ENSG00000163162	RNF149	0.0357142857142857	0.247862283482845	ENSG00000103642_ENSG00000163162
ENSG00000103642	LACTB	pQTL	CBE,DLPFC,FP,IFG,PHG,STG,TCX	NA	ENSG00000240356	RPL23AP7	0.0228571428571429	0.117248553111686	ENSG00000103642_ENSG00000240356
ENSG00000103642	LACTB	pQTL	CBE,DLPFC,FP,IFG,PHG,STG,TCX	NA	ENSG00000175455	CCDC14	0.0571428571428571	-0.245809790162235	ENSG00000103642_ENSG00000175455
ENSG00000103642	LACTB	pQTL	CBE,DLPFC,FP,IFG,PHG,STG,TCX	NA	ENSG00000174749	FAM241A	0.0228571428571429	0.17639517092296	ENSG00000103642_ENSG00000174749
ENSG00000103642	LACTB	pQTL	CBE,DLPFC,FP,IFG,PHG,STG,TCX	NA	ENSG00000253276	CCDC71L	0.03	0.207017557781307	ENSG00000103642_ENSG00000253276
ENSG00000103642	LACTB	pQTL	CBE,DLPFC,FP,IFG,PHG,STG,TCX	NA	ENSG00000164896	FASTK	0.0214285714285714	-0.131285297126815	ENSG00000103642_ENSG00000164896
ENSG00000103642	LACTB	pQTL	CBE,DLPFC,FP,IFG,PHG,STG,TCX	NA	ENSG00000180773	SLC36A4	0.0228571428571429	0.135681999161962	ENSG00000103642_ENSG00000180773
ENSG00000103642	LACTB	pQTL	CBE,DLPFC,FP,IFG,PHG,STG,TCX	NA	ENSG00000110660	SLC35F2	0.03	0.159056923465205	ENSG00000103642_ENSG00000110660
ENSG00000103642	LACTB	pQTL	CBE,DLPFC,FP,IFG,PHG,STG,TCX	NA	ENSG00000183955	KMT5A	0.0228571428571429	0.186388756094503	ENSG00000103642_ENSG00000183955
ENSG00000103642	LACTB	pQTL	CBE,DLPFC,FP,IFG,PHG,STG,TCX	NA	ENSG00000272143	FGF14-AS2	0.0228571428571429	-0.195001497301165	ENSG00000103642_ENSG00000272143
ENSG00000103642	LACTB	pQTL	CBE,DLPFC,FP,IFG,PHG,STG,TCX	NA	ENSG00000185088	RPS27L	0.24	0.325360288487901	ENSG00000103642_ENSG00000185088
ENSG00000103642	LACTB	pQTL	CBE,DLPFC,FP,IFG,PHG,STG,TCX	NA	ENSG00000197774	EME2	0.0528571428571429	0.0826257256501876	ENSG00000103642_ENSG00000197774
ENSG00000103642	LACTB	pQTL	CBE,DLPFC,FP,IFG,PHG,STG,TCX	NA	ENSG00000103274	NUBP1	0.0228571428571429	0.043102356579561	ENSG00000103642_ENSG00000103274
ENSG00000103642	LACTB	pQTL	CBE,DLPFC,FP,IFG,PHG,STG,TCX	NA	ENSG00000135723	FHOD1	0.0428571428571429	0.211575440035544	ENSG00000103642_ENSG00000135723
ENSG00000103642	LACTB	pQTL	CBE,DLPFC,FP,IFG,PHG,STG,TCX	NA	ENSG00000187688	TRPV2	0.06	0.0407564549685515	ENSG00000103642_ENSG00000187688
ENSG00000103642	LACTB	pQTL	CBE,DLPFC,FP,IFG,PHG,STG,TCX	NA	ENSG00000125454	SLC25A19	0.0242857142857143	0.330963211836093	ENSG00000103642_ENSG00000125454
ENSG00000103642	LACTB	pQTL	CBE,DLPFC,FP,IFG,PHG,STG,TCX	NA	ENSG00000088766	CRLS1	0.0528571428571429	0.0386255190757961	ENSG00000103642_ENSG00000088766
ENSG00000103642	LACTB	pQTL	CBE,DLPFC,FP,IFG,PHG,STG,TCX	NA	ENSG00000101327	PDYN	0.0214285714285714	0.176477959173146	ENSG00000103642_ENSG00000101327
ENSG00000103642	LACTB	pQTL	CBE,DLPFC,FP,IFG,PHG,STG,TCX	NA	ENSG00000229425	ENSG00000229425	0.0214285714285714	0.0763043858067936	ENSG00000103642_ENSG00000229425
ENSG00000168918	INPP5D	pQTL	CBE,DLPFC,FP,IFG,PHG,STG,TCX	NA	ENSG00000168918	INPP5D	1	1	ENSG00000168918_ENSG00000168918
ENSG00000168918	INPP5D	pQTL	CBE,DLPFC,FP,IFG,PHG,STG,TCX	NA	ENSG00000182578	CSF1R	0.0371428571428571	0.732141487829527	ENSG00000168918_ENSG00000182578
ENSG00000168918	INPP5D	pQTL	CBE,DLPFC,FP,IFG,PHG,STG,TCX	NA	ENSG00000242574	HLA-DMB	0.0728571428571429	0.677357312833782	ENSG00000168918_ENSG00000242574
ENSG00000168918	INPP5D	pQTL	CBE,DLPFC,FP,IFG,PHG,STG,TCX	NA	ENSG00000165025	SYK	0.0357142857142857	0.740947414989025	ENSG00000168918_ENSG00000165025
ENSG00000168918	INPP5D	pQTL	CBE,DLPFC,FP,IFG,PHG,STG,TCX	NA	ENSG00000165757	JCAD	0.0457142857142857	0.0521335210319022	ENSG00000168918_ENSG00000165757
ENSG00000168918	INPP5D	pQTL	CBE,DLPFC,FP,IFG,PHG,STG,TCX	NA	ENSG00000128815	WDFY4	0.16	0.709273520717309	ENSG00000168918_ENSG00000128815
ENSG00000168918	INPP5D	pQTL	CBE,DLPFC,FP,IFG,PHG,STG,TCX	NA	ENSG00000107719	PALD1	0.111428571428571	0.660819366114069	ENSG00000168918_ENSG00000107719
ENSG00000168918	INPP5D	pQTL	CBE,DLPFC,FP,IFG,PHG,STG,TCX	NA	ENSG00000137491	SLCO2B1	0.0357142857142857	0.726486234691145	ENSG00000168918_ENSG00000137491
ENSG00000168918	INPP5D	pQTL	CBE,DLPFC,FP,IFG,PHG,STG,TCX	NA	ENSG00000184574	LPAR5	0.0871428571428571	0.614653866894013	ENSG00000168918_ENSG00000184574
ENSG00000168918	INPP5D	pQTL	CBE,DLPFC,FP,IFG,PHG,STG,TCX	NA	ENSG00000123338	NCKAP1L	0.0514285714285714	0.710766613062699	ENSG00000168918_ENSG00000123338
ENSG00000168918	INPP5D	pQTL	CBE,DLPFC,FP,IFG,PHG,STG,TCX	NA	ENSG00000090376	IRAK3	0.0485714285714286	0.459474745751593	ENSG00000168918_ENSG00000090376
ENSG00000168918	INPP5D	pQTL	CBE,DLPFC,FP,IFG,PHG,STG,TCX	NA	ENSG00000135111	TBX3	0.0657142857142857	0.30673372794366	ENSG00000168918_ENSG00000135111
ENSG00000168918	INPP5D	pQTL	CBE,DLPFC,FP,IFG,PHG,STG,TCX	NA	ENSG00000137841	PLCB2	0.09	0.621723450852941	ENSG00000168918_ENSG00000137841
ENSG00000168918	INPP5D	pQTL	CBE,DLPFC,FP,IFG,PHG,STG,TCX	NA	ENSG00000197943	PLCG2	0.115714285714286	0.729425990844787	ENSG00000168918_ENSG00000197943
ENSG00000168918	INPP5D	pQTL	CBE,DLPFC,FP,IFG,PHG,STG,TCX	NA	ENSG00000091592	NLRP1	0.198571428571429	0.444737389234223	ENSG00000168918_ENSG00000091592
ENSG00000168918	INPP5D	pQTL	CBE,DLPFC,FP,IFG,PHG,STG,TCX	NA	ENSG00000125730	C3	0.0414285714285714	0.706758703732527	ENSG00000168918_ENSG00000125730
ENSG00000168918	INPP5D	pQTL	CBE,DLPFC,FP,IFG,PHG,STG,TCX	NA	ENSG00000087589	CASS4	0.0528571428571429	0.425159649345167	ENSG00000168918_ENSG00000087589
ENSG00000168918	INPP5D	pQTL	CBE,DLPFC,FP,IFG,PHG,STG,TCX	NA	ENSG00000053918	KCNQ1	0.0771428571428571	0.589640438935345	ENSG00000168918_ENSG00000053918
ENSG00000168918	INPP5D	pQTL	CBE,DLPFC,FP,IFG,PHG,STG,TCX	NA	ENSG00000271605	MILR1	0.0357142857142857	0.577765776853756	ENSG00000168918_ENSG00000271605
ENSG00000168918	INPP5D	pQTL	CBE,DLPFC,FP,IFG,PHG,STG,TCX	NA	ENSG00000287684	ENSG00000287684	0.0628571428571429	0.469465653623755	ENSG00000168918_ENSG00000287684
ENSG00000163596	ICA1L	pQTL	CBE,DLPFC,FP,IFG,PHG,STG,TCX	NA	ENSG00000163596	ICA1L	1	1	ENSG00000163596_ENSG00000163596
ENSG00000163596	ICA1L	pQTL	CBE,DLPFC,FP,IFG,PHG,STG,TCX	NA	ENSG00000144061	NPHP1	0.0628571428571429	0.197801194068028	ENSG00000163596_ENSG00000144061
ENSG00000163596	ICA1L	pQTL	CBE,DLPFC,FP,IFG,PHG,STG,TCX	NA	ENSG00000144134	RABL2A	0.0242857142857143	0.456745686362934	ENSG00000163596_ENSG00000144134
ENSG00000163596	ICA1L	pQTL	CBE,DLPFC,FP,IFG,PHG,STG,TCX	NA	ENSG00000161267	BDH1	0.0328571428571429	0.745083965560327	ENSG00000163596_ENSG00000161267
ENSG00000163596	ICA1L	pQTL	CBE,DLPFC,FP,IFG,PHG,STG,TCX	NA	ENSG00000198155	ZNF876P	0.0257142857142857	0.419525637797174	ENSG00000163596_ENSG00000198155
ENSG00000163596	ICA1L	pQTL	CBE,DLPFC,FP,IFG,PHG,STG,TCX	NA	ENSG00000182903	ZNF721	0.0828571428571429	0.255000393018889	ENSG00000163596_ENSG00000182903
ENSG00000163596	ICA1L	pQTL	CBE,DLPFC,FP,IFG,PHG,STG,TCX	NA	ENSG00000138709	LARP1B	0.0328571428571429	0.453202997405934	ENSG00000163596_ENSG00000138709
ENSG00000163596	ICA1L	pQTL	CBE,DLPFC,FP,IFG,PHG,STG,TCX	NA	ENSG00000197603	CPLANE1	0.0442857142857143	0.514217776087819	ENSG00000163596_ENSG00000197603
ENSG00000163596	ICA1L	pQTL	CBE,DLPFC,FP,IFG,PHG,STG,TCX	NA	ENSG00000234420	ZNF37BP	0.0285714285714286	0.455795525327944	ENSG00000163596_ENSG00000234420
ENSG00000163596	ICA1L	pQTL	CBE,DLPFC,FP,IFG,PHG,STG,TCX	NA	ENSG00000122912	SLC25A16	0.0328571428571429	0.547985733949444	ENSG00000163596_ENSG00000122912
ENSG00000163596	ICA1L	pQTL	CBE,DLPFC,FP,IFG,PHG,STG,TCX	NA	ENSG00000048028	USP28	0.0257142857142857	0.0505847023400758	ENSG00000163596_ENSG00000048028
ENSG00000163596	ICA1L	pQTL	CBE,DLPFC,FP,IFG,PHG,STG,TCX	NA	ENSG00000028203	VEZT	0.0485714285714286	0.627889967893482	ENSG00000163596_ENSG00000028203
ENSG00000163596	ICA1L	pQTL	CBE,DLPFC,FP,IFG,PHG,STG,TCX	NA	ENSG00000133114	GPALPP1	0.0271428571428571	0.605851248409739	ENSG00000163596_ENSG00000133114
ENSG00000163596	ICA1L	pQTL	CBE,DLPFC,FP,IFG,PHG,STG,TCX	NA	ENSG00000189050	RNFT1	0.0242857142857143	0.108951343933871	ENSG00000163596_ENSG00000189050
ENSG00000163596	ICA1L	pQTL	CBE,DLPFC,FP,IFG,PHG,STG,TCX	NA	ENSG00000198466	ZNF587	0.0285714285714286	0.386586397318012	ENSG00000163596_ENSG00000198466
ENSG00000163596	ICA1L	pQTL	CBE,DLPFC,FP,IFG,PHG,STG,TCX	NA	ENSG00000284633	ENSG00000284633	0.0242857142857143	0.552167014783537	ENSG00000163596_ENSG00000284633
ENSG00000163596	ICA1L	pQTL	CBE,DLPFC,FP,IFG,PHG,STG,TCX	NA	ENSG00000165359	INTS6L	0.0228571428571429	0.435172025454637	ENSG00000163596_ENSG00000165359
ENSG00000163596	ICA1L	pQTL	CBE,DLPFC,FP,IFG,PHG,STG,TCX	NA	ENSG00000091137	SLC26A4	0.0271428571428571	0.529073952755894	ENSG00000163596_ENSG00000091137
ENSG00000163596	ICA1L	pQTL	CBE,DLPFC,FP,IFG,PHG,STG,TCX	NA	ENSG00000233098	CCDC144NL-AS1	0.0257142857142857	0.548845325060783	ENSG00000163596_ENSG00000233098
ENSG00000163596	ICA1L	pQTL	CBE,DLPFC,FP,IFG,PHG,STG,TCX	NA	ENSG00000265313	LINC01476	0.0228571428571429	0.389422641786256	ENSG00000163596_ENSG00000265313
ENSG00000167468	GPX4	pQTL	CBE,DLPFC,FP,IFG,PHG,STG,TCX	NA	ENSG00000167468	GPX4	1	1	ENSG00000167468_ENSG00000167468
ENSG00000167468	GPX4	pQTL	CBE,DLPFC,FP,IFG,PHG,STG,TCX	NA	ENSG00000175756	AURKAIP1	0.142857142857143	0.425353411088352	ENSG00000167468_ENSG00000175756
ENSG00000167468	GPX4	pQTL	CBE,DLPFC,FP,IFG,PHG,STG,TCX	NA	ENSG00000065518	NDUFB4	0.0614285714285714	0.183430532566159	ENSG00000167468_ENSG00000065518
ENSG00000167468	GPX4	pQTL	CBE,DLPFC,FP,IFG,PHG,STG,TCX	NA	ENSG00000272325	NUDT3	0.05	-0.332327792652885	ENSG00000167468_ENSG00000272325
ENSG00000167468	GPX4	pQTL	CBE,DLPFC,FP,IFG,PHG,STG,TCX	NA	ENSG00000106244	PDAP1	0.07	0.300705229231478	ENSG00000167468_ENSG00000106244
ENSG00000167468	GPX4	pQTL	CBE,DLPFC,FP,IFG,PHG,STG,TCX	NA	ENSG00000167701	GPT	0.0414285714285714	0.252864482335862	ENSG00000167468_ENSG00000167701
ENSG00000167468	GPX4	pQTL	CBE,DLPFC,FP,IFG,PHG,STG,TCX	NA	ENSG00000159069	FBXW5	0.135714285714286	0.317087626957547	ENSG00000167468_ENSG00000159069
ENSG00000167468	GPX4	pQTL	CBE,DLPFC,FP,IFG,PHG,STG,TCX	NA	ENSG00000176978	DPP7	0.122857142857143	0.310421980336988	ENSG00000167468_ENSG00000176978
ENSG00000167468	GPX4	pQTL	CBE,DLPFC,FP,IFG,PHG,STG,TCX	NA	ENSG00000174775	HRAS	0.167142857142857	0.350163983523493	ENSG00000167468_ENSG00000174775
ENSG00000167468	GPX4	pQTL	CBE,DLPFC,FP,IFG,PHG,STG,TCX	NA	ENSG00000175602	CCDC85B	0.117142857142857	0.186193671513808	ENSG00000167468_ENSG00000175602
ENSG00000167468	GPX4	pQTL	CBE,DLPFC,FP,IFG,PHG,STG,TCX	NA	ENSG00000175550	DRAP1	0.04	0.422849424437795	ENSG00000167468_ENSG00000175550
ENSG00000167468	GPX4	pQTL	CBE,DLPFC,FP,IFG,PHG,STG,TCX	NA	ENSG00000166165	CKB	0.26	0.440112533618587	ENSG00000167468_ENSG00000166165
ENSG00000167468	GPX4	pQTL	CBE,DLPFC,FP,IFG,PHG,STG,TCX	NA	ENSG00000182809	CRIP2	0.04	0.283919902127728	ENSG00000167468_ENSG00000182809
ENSG00000167468	GPX4	pQTL	CBE,DLPFC,FP,IFG,PHG,STG,TCX	NA	ENSG00000242173	ARHGDIG	0.0442857142857143	0.260096678475758	ENSG00000167468_ENSG00000242173
ENSG00000167468	GPX4	pQTL	CBE,DLPFC,FP,IFG,PHG,STG,TCX	NA	ENSG00000130731	METTL26	0.0457142857142857	0.343862039760568	ENSG00000167468_ENSG00000130731
ENSG00000167468	GPX4	pQTL	CBE,DLPFC,FP,IFG,PHG,STG,TCX	NA	ENSG00000103254	ANTKMT	0.0971428571428572	0.22556473715617	ENSG00000167468_ENSG00000103254
ENSG00000167468	GPX4	pQTL	CBE,DLPFC,FP,IFG,PHG,STG,TCX	NA	ENSG00000103024	NME3	0.0757142857142857	0.37798595576873	ENSG00000167468_ENSG00000103024
ENSG00000167468	GPX4	pQTL	CBE,DLPFC,FP,IFG,PHG,STG,TCX	NA	ENSG00000169689	CENPX	0.0442857142857143	0.341140622418149	ENSG00000167468_ENSG00000169689
ENSG00000167468	GPX4	pQTL	CBE,DLPFC,FP,IFG,PHG,STG,TCX	NA	ENSG00000169727	GPS1	0.342857142857143	0.480757917198487	ENSG00000167468_ENSG00000169727
ENSG00000167468	GPX4	pQTL	CBE,DLPFC,FP,IFG,PHG,STG,TCX	NA	ENSG00000178531	CTXN1	0.0428571428571429	0.0410526095411309	ENSG00000167468_ENSG00000178531
ENSG00000158869	FCER1G	pQTL	CBE,DLPFC,FP,IFG,PHG,STG,TCX	NA	ENSG00000158869	FCER1G	1	1	ENSG00000158869_ENSG00000158869
ENSG00000158869	FCER1G	pQTL	CBE,DLPFC,FP,IFG,PHG,STG,TCX	NA	ENSG00000159189	C1QC	0.0857142857142857	0.856952347462699	ENSG00000158869_ENSG00000159189
ENSG00000158869	FCER1G	pQTL	CBE,DLPFC,FP,IFG,PHG,STG,TCX	NA	ENSG00000173369	C1QB	0.0857142857142857	0.858546240023119	ENSG00000158869_ENSG00000173369
ENSG00000158869	FCER1G	pQTL	CBE,DLPFC,FP,IFG,PHG,STG,TCX	NA	ENSG00000163191	S100A11	0.0628571428571429	0.795361377970581	ENSG00000158869_ENSG00000163191
ENSG00000158869	FCER1G	pQTL	CBE,DLPFC,FP,IFG,PHG,STG,TCX	NA	ENSG00000203747	FCGR3A	0.1	0.836177961277481	ENSG00000158869_ENSG00000203747
ENSG00000158869	FCER1G	pQTL	CBE,DLPFC,FP,IFG,PHG,STG,TCX	NA	ENSG00000010327	STAB1	0.03	0.739372592982364	ENSG00000158869_ENSG00000010327
ENSG00000158869	FCER1G	pQTL	CBE,DLPFC,FP,IFG,PHG,STG,TCX	NA	ENSG00000019582	CD74	0.0385714285714286	0.764829946974124	ENSG00000158869_ENSG00000019582
ENSG00000158869	FCER1G	pQTL	CBE,DLPFC,FP,IFG,PHG,STG,TCX	NA	ENSG00000204472	AIF1	0.2	0.801782068086304	ENSG00000158869_ENSG00000204472
ENSG00000158869	FCER1G	pQTL	CBE,DLPFC,FP,IFG,PHG,STG,TCX	NA	ENSG00000066336	SPI1	0.03	0.758751023447368	ENSG00000158869_ENSG00000066336
ENSG00000158869	FCER1G	pQTL	CBE,DLPFC,FP,IFG,PHG,STG,TCX	NA	ENSG00000171860	C3AR1	0.0371428571428571	0.72318598623596	ENSG00000158869_ENSG00000171860
ENSG00000158869	FCER1G	pQTL	CBE,DLPFC,FP,IFG,PHG,STG,TCX	NA	ENSG00000111348	ARHGDIB	0.0371428571428571	0.772560997333711	ENSG00000158869_ENSG00000111348
ENSG00000158869	FCER1G	pQTL	CBE,DLPFC,FP,IFG,PHG,STG,TCX	NA	ENSG00000132965	ALOX5AP	0.0628571428571429	0.78144332658793	ENSG00000158869_ENSG00000132965
ENSG00000158869	FCER1G	pQTL	CBE,DLPFC,FP,IFG,PHG,STG,TCX	NA	ENSG00000197249	SERPINA1	0.09	0.826745513425282	ENSG00000158869_ENSG00000197249
ENSG00000158869	FCER1G	pQTL	CBE,DLPFC,FP,IFG,PHG,STG,TCX	NA	ENSG00000011600	TYROBP	0.0557142857142857	0.77675935288994	ENSG00000158869_ENSG00000011600
ENSG00000158869	FCER1G	pQTL	CBE,DLPFC,FP,IFG,PHG,STG,TCX	NA	ENSG00000101336	HCK	0.03	0.809702136313525	ENSG00000158869_ENSG00000101336
ENSG00000158869	FCER1G	pQTL	CBE,DLPFC,FP,IFG,PHG,STG,TCX	NA	ENSG00000160255	ITGB2	0.0757142857142857	0.83473109456289	ENSG00000158869_ENSG00000160255
ENSG00000158869	FCER1G	pQTL	CBE,DLPFC,FP,IFG,PHG,STG,TCX	NA	ENSG00000025708	TYMP	0.0485714285714286	0.672025399047353	ENSG00000158869_ENSG00000025708
ENSG00000158869	FCER1G	pQTL	CBE,DLPFC,FP,IFG,PHG,STG,TCX	NA	ENSG00000155659	VSIG4	0.0385714285714286	0.772743674254577	ENSG00000158869_ENSG00000155659
ENSG00000158869	FCER1G	pQTL	CBE,DLPFC,FP,IFG,PHG,STG,TCX	NA	ENSG00000129450	SIGLEC9	0.0514285714285714	0.758571632237572	ENSG00000158869_ENSG00000129450
ENSG00000158869	FCER1G	pQTL	CBE,DLPFC,FP,IFG,PHG,STG,TCX	NA	ENSG00000128340	RAC2	0.0314285714285714	0.724559394652911	ENSG00000158869_ENSG00000128340
ENSG00000120915	EPHX2	pQTL	CBE,DLPFC,FP,IFG,PHG,STG,TCX	NA	ENSG00000120915	EPHX2	1	1	ENSG00000120915_ENSG00000120915
ENSG00000120915	EPHX2	pQTL	CBE,DLPFC,FP,IFG,PHG,STG,TCX	NA	ENSG00000144840	RABL3	0.0242857142857143	0.501153576391942	ENSG00000120915_ENSG00000144840
ENSG00000120915	EPHX2	pQTL	CBE,DLPFC,FP,IFG,PHG,STG,TCX	NA	ENSG00000114115	RBP1	0.0228571428571429	0.438239679666443	ENSG00000120915_ENSG00000114115
ENSG00000120915	EPHX2	pQTL	CBE,DLPFC,FP,IFG,PHG,STG,TCX	NA	ENSG00000183423	LRIT3	0.03	-0.174354021706406	ENSG00000120915_ENSG00000183423
ENSG00000120915	EPHX2	pQTL	CBE,DLPFC,FP,IFG,PHG,STG,TCX	NA	ENSG00000245526	LINC00461	0.0214285714285714	0.481649854699208	ENSG00000120915_ENSG00000245526
ENSG00000120915	EPHX2	pQTL	CBE,DLPFC,FP,IFG,PHG,STG,TCX	NA	ENSG00000078549	ADCYAP1R1	0.0357142857142857	0.389799682066113	ENSG00000120915_ENSG00000078549
ENSG00000120915	EPHX2	pQTL	CBE,DLPFC,FP,IFG,PHG,STG,TCX	NA	ENSG00000165730	STOX1	0.04	0.414593372187433	ENSG00000120915_ENSG00000165730
ENSG00000120915	EPHX2	pQTL	CBE,DLPFC,FP,IFG,PHG,STG,TCX	NA	ENSG00000148734	NPFFR1	0.0271428571428571	0.167464425013408	ENSG00000120915_ENSG00000148734
ENSG00000120915	EPHX2	pQTL	CBE,DLPFC,FP,IFG,PHG,STG,TCX	NA	ENSG00000148719	DNAJB12	0.0342857142857143	0.00676939067468799	ENSG00000120915_ENSG00000148719
ENSG00000120915	EPHX2	pQTL	CBE,DLPFC,FP,IFG,PHG,STG,TCX	NA	ENSG00000241935	HOGA1	0.0214285714285714	0.459603194998513	ENSG00000120915_ENSG00000241935
ENSG00000120915	EPHX2	pQTL	CBE,DLPFC,FP,IFG,PHG,STG,TCX	NA	ENSG00000120471	TP53AIP1	0.0242857142857143	-0.0912085130527869	ENSG00000120915_ENSG00000120471
ENSG00000120915	EPHX2	pQTL	CBE,DLPFC,FP,IFG,PHG,STG,TCX	NA	ENSG00000166816	LDHD	0.0257142857142857	0.560886894196979	ENSG00000120915_ENSG00000166816
ENSG00000120915	EPHX2	pQTL	CBE,DLPFC,FP,IFG,PHG,STG,TCX	NA	ENSG00000101605	MYOM1	0.0285714285714286	0.47926367135556	ENSG00000120915_ENSG00000101605
ENSG00000120915	EPHX2	pQTL	CBE,DLPFC,FP,IFG,PHG,STG,TCX	NA	ENSG00000087076	HSD17B14	0.0228571428571429	0.350155908562872	ENSG00000120915_ENSG00000087076
ENSG00000120915	EPHX2	pQTL	CBE,DLPFC,FP,IFG,PHG,STG,TCX	NA	ENSG00000167614	TTYH1	0.0271428571428571	0.629333343219072	ENSG00000120915_ENSG00000167614
ENSG00000120915	EPHX2	pQTL	CBE,DLPFC,FP,IFG,PHG,STG,TCX	NA	ENSG00000101938	CHRDL1	0.0228571428571429	0.372303888168743	ENSG00000120915_ENSG00000101938
ENSG00000120915	EPHX2	pQTL	CBE,DLPFC,FP,IFG,PHG,STG,TCX	NA	ENSG00000177133	PRDM16-DT	0.0214285714285714	0.404625359473044	ENSG00000120915_ENSG00000177133
ENSG00000120915	EPHX2	pQTL	CBE,DLPFC,FP,IFG,PHG,STG,TCX	NA	ENSG00000229956	ZRANB2-AS2	0.0342857142857143	0.110126591398702	ENSG00000120915_ENSG00000229956
ENSG00000120915	EPHX2	pQTL	CBE,DLPFC,FP,IFG,PHG,STG,TCX	NA	ENSG00000237651	C2orf74	0.0228571428571429	-0.00266411998410419	ENSG00000120915_ENSG00000237651
ENSG00000120915	EPHX2	pQTL	CBE,DLPFC,FP,IFG,PHG,STG,TCX	NA	ENSG00000271860	ENSG00000271860	0.0528571428571429	0.362276769084883	ENSG00000120915_ENSG00000271860
ENSG00000149927	DOC2A	pQTL	CBE,DLPFC,FP,IFG,PHG,STG,TCX	NA	ENSG00000149927	DOC2A	1	1	ENSG00000149927_ENSG00000149927
ENSG00000149927	DOC2A	pQTL	CBE,DLPFC,FP,IFG,PHG,STG,TCX	NA	ENSG00000142609	CFAP74	0.0271428571428571	0.4268064924752	ENSG00000149927_ENSG00000142609
ENSG00000149927	DOC2A	pQTL	CBE,DLPFC,FP,IFG,PHG,STG,TCX	NA	ENSG00000143207	COP1	0.0257142857142857	0.161911093175429	ENSG00000149927_ENSG00000143207
ENSG00000149927	DOC2A	pQTL	CBE,DLPFC,FP,IFG,PHG,STG,TCX	NA	ENSG00000198399	ITSN2	0.0371428571428571	0.13158239377288	ENSG00000149927_ENSG00000198399
ENSG00000149927	DOC2A	pQTL	CBE,DLPFC,FP,IFG,PHG,STG,TCX	NA	ENSG00000184838	PRR16	0.0271428571428571	0.326422812589435	ENSG00000149927_ENSG00000184838
ENSG00000149927	DOC2A	pQTL	CBE,DLPFC,FP,IFG,PHG,STG,TCX	NA	ENSG00000137267	TUBB2A	0.0628571428571429	0.592304372598235	ENSG00000149927_ENSG00000137267
ENSG00000149927	DOC2A	pQTL	CBE,DLPFC,FP,IFG,PHG,STG,TCX	NA	ENSG00000124772	CPNE5	0.0257142857142857	0.569232164886659	ENSG00000149927_ENSG00000124772
ENSG00000149927	DOC2A	pQTL	CBE,DLPFC,FP,IFG,PHG,STG,TCX	NA	ENSG00000106089	STX1A	0.0257142857142857	0.667981370932921	ENSG00000149927_ENSG00000106089
ENSG00000149927	DOC2A	pQTL	CBE,DLPFC,FP,IFG,PHG,STG,TCX	NA	ENSG00000188229	TUBB4B	0.0357142857142857	0.392560465203621	ENSG00000149927_ENSG00000188229
ENSG00000149927	DOC2A	pQTL	CBE,DLPFC,FP,IFG,PHG,STG,TCX	NA	ENSG00000165983	PTER	0.0314285714285714	0.566975846814404	ENSG00000149927_ENSG00000165983
ENSG00000149927	DOC2A	pQTL	CBE,DLPFC,FP,IFG,PHG,STG,TCX	NA	ENSG00000162302	RPS6KA4	0.07	0.420160473970238	ENSG00000149927_ENSG00000162302
ENSG00000149927	DOC2A	pQTL	CBE,DLPFC,FP,IFG,PHG,STG,TCX	NA	ENSG00000137501	SYTL2	0.0285714285714286	0.21763304126715	ENSG00000149927_ENSG00000137501
ENSG00000149927	DOC2A	pQTL	CBE,DLPFC,FP,IFG,PHG,STG,TCX	NA	ENSG00000169592	INO80E	0.0414285714285714	-0.10829262551269	ENSG00000149927_ENSG00000169592
ENSG00000149927	DOC2A	pQTL	CBE,DLPFC,FP,IFG,PHG,STG,TCX	NA	ENSG00000102882	MAPK3	0.0285714285714286	0.253861133240731	ENSG00000149927_ENSG00000102882
ENSG00000149927	DOC2A	pQTL	CBE,DLPFC,FP,IFG,PHG,STG,TCX	NA	ENSG00000183186	C2CD4C	0.0314285714285714	0.431781601627944	ENSG00000149927_ENSG00000183186
ENSG00000149927	DOC2A	pQTL	CBE,DLPFC,FP,IFG,PHG,STG,TCX	NA	ENSG00000105223	PLD3	0.0257142857142857	0.646579196609647	ENSG00000149927_ENSG00000105223
ENSG00000149927	DOC2A	pQTL	CBE,DLPFC,FP,IFG,PHG,STG,TCX	NA	ENSG00000105245	NUMBL	0.0271428571428571	0.499730429791003	ENSG00000149927_ENSG00000105245
ENSG00000149927	DOC2A	pQTL	CBE,DLPFC,FP,IFG,PHG,STG,TCX	NA	ENSG00000100276	RASL10A	0.0485714285714286	0.480848134262336	ENSG00000149927_ENSG00000100276
ENSG00000149927	DOC2A	pQTL	CBE,DLPFC,FP,IFG,PHG,STG,TCX	NA	ENSG00000082684	SEMA5B	0.0614285714285714	0.549359628349544	ENSG00000149927_ENSG00000082684
ENSG00000149927	DOC2A	pQTL	CBE,DLPFC,FP,IFG,PHG,STG,TCX	NA	ENSG00000237720	ENSG00000237720	0.0542857142857143	0.570510936801887	ENSG00000149927_ENSG00000237720
ENSG00000149927	DOC2A	pQTL	CBE,DLPFC,FP,IFG,PHG,STG,TCX	NA	ENSG00000115194	SLC30A3	0.0471428571428571	0.63725725925155	ENSG00000149927_ENSG00000115194
ENSG00000149927	DOC2A	pQTL	CBE,DLPFC,FP,IFG,PHG,STG,TCX	NA	ENSG00000216863	LY86-AS1	0.0385714285714286	0.572872471945694	ENSG00000149927_ENSG00000216863
ENSG00000149927	DOC2A	pQTL	CBE,DLPFC,FP,IFG,PHG,STG,TCX	NA	ENSG00000105376	ICAM5	0.0257142857142857	0.588669750163256	ENSG00000149927_ENSG00000105376
ENSG00000120306	CYSTM1	pQTL	CBE,DLPFC,FP,IFG,PHG,STG,TCX	NA	ENSG00000120306	CYSTM1	1	1	ENSG00000120306_ENSG00000120306
ENSG00000120306	CYSTM1	pQTL	CBE,DLPFC,FP,IFG,PHG,STG,TCX	NA	ENSG00000116661	FBXO2	0.0585714285714286	0.331188835656077	ENSG00000120306_ENSG00000116661
ENSG00000120306	CYSTM1	pQTL	CBE,DLPFC,FP,IFG,PHG,STG,TCX	NA	ENSG00000197956	S100A6	0.0714285714285714	0.364090054264748	ENSG00000120306_ENSG00000197956
ENSG00000120306	CYSTM1	pQTL	CBE,DLPFC,FP,IFG,PHG,STG,TCX	NA	ENSG00000162909	CAPN2	0.0685714285714286	0.604627788789905	ENSG00000120306_ENSG00000162909
ENSG00000120306	CYSTM1	pQTL	CBE,DLPFC,FP,IFG,PHG,STG,TCX	NA	ENSG00000065518	NDUFB4	0.0314285714285714	0.316440519151355	ENSG00000120306_ENSG00000065518
ENSG00000120306	CYSTM1	pQTL	CBE,DLPFC,FP,IFG,PHG,STG,TCX	NA	ENSG00000074416	MGLL	0.0914285714285714	0.371892702375289	ENSG00000120306_ENSG00000074416
ENSG00000120306	CYSTM1	pQTL	CBE,DLPFC,FP,IFG,PHG,STG,TCX	NA	ENSG00000114867	EIF4G1	0.0371428571428571	0.289143634258396	ENSG00000120306_ENSG00000114867
ENSG00000120306	CYSTM1	pQTL	CBE,DLPFC,FP,IFG,PHG,STG,TCX	NA	ENSG00000145358	DDIT4L	0.0357142857142857	0.535420495952693	ENSG00000120306_ENSG00000145358
ENSG00000120306	CYSTM1	pQTL	CBE,DLPFC,FP,IFG,PHG,STG,TCX	NA	ENSG00000164039	BDH2	0.05	0.557002446281109	ENSG00000120306_ENSG00000164039
ENSG00000120306	CYSTM1	pQTL	CBE,DLPFC,FP,IFG,PHG,STG,TCX	NA	ENSG00000111843	TMEM14C	0.0314285714285714	0.278905357127321	ENSG00000120306_ENSG00000111843
ENSG00000120306	CYSTM1	pQTL	CBE,DLPFC,FP,IFG,PHG,STG,TCX	NA	ENSG00000065833	ME1	0.0657142857142857	0.303011176356278	ENSG00000120306_ENSG00000065833
ENSG00000120306	CYSTM1	pQTL	CBE,DLPFC,FP,IFG,PHG,STG,TCX	NA	ENSG00000111907	TPD52L1	0.0342857142857143	0.59496855556552	ENSG00000120306_ENSG00000111907
ENSG00000120306	CYSTM1	pQTL	CBE,DLPFC,FP,IFG,PHG,STG,TCX	NA	ENSG00000164776	PHKG1	0.0414285714285714	0.0911852580470905	ENSG00000120306_ENSG00000164776
ENSG00000120306	CYSTM1	pQTL	CBE,DLPFC,FP,IFG,PHG,STG,TCX	NA	ENSG00000272391	POM121C	0.0328571428571429	-0.0351562985286486	ENSG00000120306_ENSG00000272391
ENSG00000120306	CYSTM1	pQTL	CBE,DLPFC,FP,IFG,PHG,STG,TCX	NA	ENSG00000131669	NINJ1	0.0428571428571429	0.460999746384266	ENSG00000120306_ENSG00000131669
ENSG00000120306	CYSTM1	pQTL	CBE,DLPFC,FP,IFG,PHG,STG,TCX	NA	ENSG00000165886	UBTD1	0.0457142857142857	0.480682974948696	ENSG00000120306_ENSG00000165886
ENSG00000120306	CYSTM1	pQTL	CBE,DLPFC,FP,IFG,PHG,STG,TCX	NA	ENSG00000166833	NAV2	0.0671428571428571	0.371097787244087	ENSG00000120306_ENSG00000166833
ENSG00000120306	CYSTM1	pQTL	CBE,DLPFC,FP,IFG,PHG,STG,TCX	NA	ENSG00000137509	PRCP	0.157142857142857	0.639561037813114	ENSG00000120306_ENSG00000137509
ENSG00000120306	CYSTM1	pQTL	CBE,DLPFC,FP,IFG,PHG,STG,TCX	NA	ENSG00000123094	RASSF8	0.04	0.542498170604748	ENSG00000120306_ENSG00000123094
ENSG00000120306	CYSTM1	pQTL	CBE,DLPFC,FP,IFG,PHG,STG,TCX	NA	ENSG00000175832	ETV4	0.0671428571428571	0.307014716808541	ENSG00000120306_ENSG00000175832
ENSG00000120306	CYSTM1	pQTL	CBE,DLPFC,FP,IFG,PHG,STG,TCX	NA	ENSG00000170439	METTL7B	0.0528571428571429	0.454420972467234	ENSG00000120306_ENSG00000170439
ENSG00000103811	CTSH	pQTL	CBE,DLPFC,FP,IFG,PHG,STG,TCX	NA	ENSG00000103811	CTSH	1	1	ENSG00000103811_ENSG00000103811
ENSG00000103811	CTSH	pQTL	CBE,DLPFC,FP,IFG,PHG,STG,TCX	NA	ENSG00000134201	GSTM5	0.0242857142857143	0.240211959062279	ENSG00000103811_ENSG00000134201
ENSG00000103811	CTSH	pQTL	CBE,DLPFC,FP,IFG,PHG,STG,TCX	NA	ENSG00000134376	CRB1	0.0228571428571429	0.440082389794564	ENSG00000103811_ENSG00000134376
ENSG00000103811	CTSH	pQTL	CBE,DLPFC,FP,IFG,PHG,STG,TCX	NA	ENSG00000123836	PFKFB2	0.0285714285714286	0.30752503700575	ENSG00000103811_ENSG00000123836
ENSG00000103811	CTSH	pQTL	CBE,DLPFC,FP,IFG,PHG,STG,TCX	NA	ENSG00000162882	HAAO	0.0228571428571429	0.0744220642792254	ENSG00000103811_ENSG00000162882
ENSG00000103811	CTSH	pQTL	CBE,DLPFC,FP,IFG,PHG,STG,TCX	NA	ENSG00000115380	EFEMP1	0.04	0.351888658026391	ENSG00000103811_ENSG00000115380
ENSG00000103811	CTSH	pQTL	CBE,DLPFC,FP,IFG,PHG,STG,TCX	NA	ENSG00000170264	FAM161A	0.03	-0.209624929481308	ENSG00000103811_ENSG00000170264
ENSG00000103811	CTSH	pQTL	CBE,DLPFC,FP,IFG,PHG,STG,TCX	NA	ENSG00000066032	CTNNA2	0.0871428571428571	0.274379013156211	ENSG00000103811_ENSG00000066032
ENSG00000103811	CTSH	pQTL	CBE,DLPFC,FP,IFG,PHG,STG,TCX	NA	ENSG00000144485	HES6	0.03	0.258620238124377	ENSG00000103811_ENSG00000144485
ENSG00000103811	CTSH	pQTL	CBE,DLPFC,FP,IFG,PHG,STG,TCX	NA	ENSG00000114738	MAPKAPK3	0.0542857142857143	0.502621560662835	ENSG00000103811_ENSG00000114738
ENSG00000103811	CTSH	pQTL	CBE,DLPFC,FP,IFG,PHG,STG,TCX	NA	ENSG00000131732	ZCCHC9	0.0257142857142857	0.0672311222024269	ENSG00000103811_ENSG00000131732
ENSG00000103811	CTSH	pQTL	CBE,DLPFC,FP,IFG,PHG,STG,TCX	NA	ENSG00000154188	ANGPT1	0.0314285714285714	0.40008446246911	ENSG00000103811_ENSG00000154188
ENSG00000103811	CTSH	pQTL	CBE,DLPFC,FP,IFG,PHG,STG,TCX	NA	ENSG00000176971	FIBIN	0.0228571428571429	0.454434930480041	ENSG00000103811_ENSG00000176971
ENSG00000103811	CTSH	pQTL	CBE,DLPFC,FP,IFG,PHG,STG,TCX	NA	ENSG00000068976	PYGM	0.0585714285714286	0.404102598861318	ENSG00000103811_ENSG00000068976
ENSG00000103811	CTSH	pQTL	CBE,DLPFC,FP,IFG,PHG,STG,TCX	NA	ENSG00000198805	PNP	0.0257142857142857	0.214729109264708	ENSG00000103811_ENSG00000198805
ENSG00000103811	CTSH	pQTL	CBE,DLPFC,FP,IFG,PHG,STG,TCX	NA	ENSG00000103485	QPRT	0.0342857142857143	0.277544354419632	ENSG00000103811_ENSG00000103485
ENSG00000103811	CTSH	pQTL	CBE,DLPFC,FP,IFG,PHG,STG,TCX	NA	ENSG00000188803	SHISA6	0.0842857142857143	-0.0448272738450381	ENSG00000103811_ENSG00000188803
ENSG00000103811	CTSH	pQTL	CBE,DLPFC,FP,IFG,PHG,STG,TCX	NA	ENSG00000141756	FKBP10	0.0385714285714286	0.523910280717512	ENSG00000103811_ENSG00000141756
ENSG00000103811	CTSH	pQTL	CBE,DLPFC,FP,IFG,PHG,STG,TCX	NA	ENSG00000182575	NXPH3	0.0657142857142857	0.0892268871070671	ENSG00000103811_ENSG00000182575
ENSG00000103811	CTSH	pQTL	CBE,DLPFC,FP,IFG,PHG,STG,TCX	NA	ENSG00000179902	C1orf194	0.0414285714285714	0.0713179944275346	ENSG00000103811_ENSG00000179902
ENSG00000103811	CTSH	pQTL	CBE,DLPFC,FP,IFG,PHG,STG,TCX	NA	ENSG00000230417	LINC00595	0.04	0.216078584180546	ENSG00000103811_ENSG00000230417
ENSG00000108091	CCDC6	pQTL	CBE,DLPFC,FP,IFG,PHG,STG,TCX	NA	ENSG00000108091	CCDC6	1	1	ENSG00000108091_ENSG00000108091
ENSG00000108091	CCDC6	pQTL	CBE,DLPFC,FP,IFG,PHG,STG,TCX	NA	ENSG00000188157	AGRN	0.0385714285714286	-0.21510618738152	ENSG00000108091_ENSG00000188157
ENSG00000108091	CCDC6	pQTL	CBE,DLPFC,FP,IFG,PHG,STG,TCX	NA	ENSG00000020129	NCDN	0.0528571428571429	0.502472842937904	ENSG00000108091_ENSG00000020129
ENSG00000108091	CCDC6	pQTL	CBE,DLPFC,FP,IFG,PHG,STG,TCX	NA	ENSG00000171385	KCND3	0.0542857142857143	0.647430046094371	ENSG00000108091_ENSG00000171385
ENSG00000108091	CCDC6	pQTL	CBE,DLPFC,FP,IFG,PHG,STG,TCX	NA	ENSG00000036257	CUL3	0.0571428571428571	0.407976765169235	ENSG00000108091_ENSG00000036257
ENSG00000108091	CCDC6	pQTL	CBE,DLPFC,FP,IFG,PHG,STG,TCX	NA	ENSG00000068745	IP6K2	0.0414285714285714	0.434596553425958	ENSG00000108091_ENSG00000068745
ENSG00000108091	CCDC6	pQTL	CBE,DLPFC,FP,IFG,PHG,STG,TCX	NA	ENSG00000109572	CLCN3	0.0357142857142857	-0.165738269871126	ENSG00000108091_ENSG00000109572
ENSG00000108091	CCDC6	pQTL	CBE,DLPFC,FP,IFG,PHG,STG,TCX	NA	ENSG00000031003	FAM13B	0.0357142857142857	0.432384513874556	ENSG00000108091_ENSG00000031003
ENSG00000108091	CCDC6	pQTL	CBE,DLPFC,FP,IFG,PHG,STG,TCX	NA	ENSG00000048052	HDAC9	0.0657142857142857	-0.0379210689333611	ENSG00000108091_ENSG00000048052
ENSG00000108091	CCDC6	pQTL	CBE,DLPFC,FP,IFG,PHG,STG,TCX	NA	ENSG00000082556	OPRK1	0.0642857142857143	0.467947379970122	ENSG00000108091_ENSG00000082556
ENSG00000108091	CCDC6	pQTL	CBE,DLPFC,FP,IFG,PHG,STG,TCX	NA	ENSG00000171033	PKIA	0.0585714285714286	0.39978815983837	ENSG00000108091_ENSG00000171033
ENSG00000108091	CCDC6	pQTL	CBE,DLPFC,FP,IFG,PHG,STG,TCX	NA	ENSG00000133687	TMTC1	0.0671428571428571	0.464268250651627	ENSG00000108091_ENSG00000133687
ENSG00000108091	CCDC6	pQTL	CBE,DLPFC,FP,IFG,PHG,STG,TCX	NA	ENSG00000185950	IRS2	0.0357142857142857	0.47096465457393	ENSG00000108091_ENSG00000185950
ENSG00000108091	CCDC6	pQTL	CBE,DLPFC,FP,IFG,PHG,STG,TCX	NA	ENSG00000203485	INF2	0.0371428571428571	-0.3618666034574	ENSG00000108091_ENSG00000203485
ENSG00000108091	CCDC6	pQTL	CBE,DLPFC,FP,IFG,PHG,STG,TCX	NA	ENSG00000129009	ISLR	0.0457142857142857	0.185499485945009	ENSG00000108091_ENSG00000129009
ENSG00000108091	CCDC6	pQTL	CBE,DLPFC,FP,IFG,PHG,STG,TCX	NA	ENSG00000108840	HDAC5	0.0385714285714286	-0.0807842120423318	ENSG00000108091_ENSG00000108840
ENSG00000108091	CCDC6	pQTL	CBE,DLPFC,FP,IFG,PHG,STG,TCX	NA	ENSG00000131408	NR1H2	0.0385714285714286	-0.39637252904329	ENSG00000108091_ENSG00000131408
ENSG00000108091	CCDC6	pQTL	CBE,DLPFC,FP,IFG,PHG,STG,TCX	NA	ENSG00000157540	DYRK1A	0.0371428571428571	0.415090846529764	ENSG00000108091_ENSG00000157540
ENSG00000108091	CCDC6	pQTL	CBE,DLPFC,FP,IFG,PHG,STG,TCX	NA	ENSG00000102230	PCYT1B	0.0485714285714286	-0.0555307410428171	ENSG00000108091_ENSG00000102230
ENSG00000108091	CCDC6	pQTL	CBE,DLPFC,FP,IFG,PHG,STG,TCX	NA	ENSG00000251011	TMEM108-AS1	0.0614285714285714	0.347664143850427	ENSG00000108091_ENSG00000251011
ENSG00000108091	CCDC6	pQTL	CBE,DLPFC,FP,IFG,PHG,STG,TCX	NA	ENSG00000092054	MYH7	0.0614285714285714	0.542790913008757	ENSG00000108091_ENSG00000092054
ENSG00000153048	CARHSP1	pQTL	CBE,DLPFC,FP,IFG,PHG,STG,TCX	NA	ENSG00000153048	CARHSP1	1	1	ENSG00000153048_ENSG00000153048
ENSG00000153048	CARHSP1	pQTL	CBE,DLPFC,FP,IFG,PHG,STG,TCX	NA	ENSG00000127472	PLA2G5	0.0228571428571429	-0.0771912654919175	ENSG00000153048_ENSG00000127472
ENSG00000153048	CARHSP1	pQTL	CBE,DLPFC,FP,IFG,PHG,STG,TCX	NA	ENSG00000162433	AK4	0.112857142857143	0.31534100568718	ENSG00000153048_ENSG00000162433
ENSG00000153048	CARHSP1	pQTL	CBE,DLPFC,FP,IFG,PHG,STG,TCX	NA	ENSG00000213516	RBMXL1	0.0228571428571429	0.33132490151744	ENSG00000153048_ENSG00000213516
ENSG00000153048	CARHSP1	pQTL	CBE,DLPFC,FP,IFG,PHG,STG,TCX	NA	ENSG00000177807	KCNJ10	0.0314285714285714	0.433573354746209	ENSG00000153048_ENSG00000177807
ENSG00000153048	CARHSP1	pQTL	CBE,DLPFC,FP,IFG,PHG,STG,TCX	NA	ENSG00000115556	PLCD4	0.0342857142857143	0.0778362004163076	ENSG00000153048_ENSG00000115556
ENSG00000153048	CARHSP1	pQTL	CBE,DLPFC,FP,IFG,PHG,STG,TCX	NA	ENSG00000135917	SLC19A3	0.0242857142857143	0.334794859320085	ENSG00000153048_ENSG00000135917
ENSG00000153048	CARHSP1	pQTL	CBE,DLPFC,FP,IFG,PHG,STG,TCX	NA	ENSG00000091986	CCDC80	0.0757142857142857	0.026486642655165	ENSG00000153048_ENSG00000091986
ENSG00000153048	CARHSP1	pQTL	CBE,DLPFC,FP,IFG,PHG,STG,TCX	NA	ENSG00000187257	RSBN1L	0.0285714285714286	0.144817411855536	ENSG00000153048_ENSG00000187257
ENSG00000153048	CARHSP1	pQTL	CBE,DLPFC,FP,IFG,PHG,STG,TCX	NA	ENSG00000120903	CHRNA2	0.0242857142857143	-0.364096929562077	ENSG00000153048_ENSG00000120903
ENSG00000153048	CARHSP1	pQTL	CBE,DLPFC,FP,IFG,PHG,STG,TCX	NA	ENSG00000168672	LRATD2	0.0814285714285714	0.548776653365905	ENSG00000153048_ENSG00000168672
ENSG00000153048	CARHSP1	pQTL	CBE,DLPFC,FP,IFG,PHG,STG,TCX	NA	ENSG00000165092	ALDH1A1	0.102857142857143	-0.0594151479170353	ENSG00000153048_ENSG00000165092
ENSG00000153048	CARHSP1	pQTL	CBE,DLPFC,FP,IFG,PHG,STG,TCX	NA	ENSG00000166394	CYB5R2	0.0428571428571429	0.334530815375378	ENSG00000153048_ENSG00000166394
ENSG00000153048	CARHSP1	pQTL	CBE,DLPFC,FP,IFG,PHG,STG,TCX	NA	ENSG00000260276	ENSG00000260276	0.385714285714286	0.320732350517556	ENSG00000153048_ENSG00000260276
ENSG00000153048	CARHSP1	pQTL	CBE,DLPFC,FP,IFG,PHG,STG,TCX	NA	ENSG00000260549	MT1L	0.0257142857142857	0.361043395777731	ENSG00000153048_ENSG00000260549
ENSG00000153048	CARHSP1	pQTL	CBE,DLPFC,FP,IFG,PHG,STG,TCX	NA	ENSG00000183506	PI4KAP2	0.0228571428571429	0.0387441098399145	ENSG00000153048_ENSG00000183506
ENSG00000153048	CARHSP1	pQTL	CBE,DLPFC,FP,IFG,PHG,STG,TCX	NA	ENSG00000100099	HPS4	0.03	0.182159388454818	ENSG00000153048_ENSG00000100099
ENSG00000153048	CARHSP1	pQTL	CBE,DLPFC,FP,IFG,PHG,STG,TCX	NA	ENSG00000241990	PRR34-AS1	0.0228571428571429	0.31494796182879	ENSG00000153048_ENSG00000241990
ENSG00000153048	CARHSP1	pQTL	CBE,DLPFC,FP,IFG,PHG,STG,TCX	NA	ENSG00000123595	RAB9A	0.0271428571428571	0.588655952796921	ENSG00000153048_ENSG00000123595
ENSG00000153048	CARHSP1	pQTL	CBE,DLPFC,FP,IFG,PHG,STG,TCX	NA	ENSG00000062096	ARSF	0.0257142857142857	-0.127471933529058	ENSG00000153048_ENSG00000062096
ENSG00000136717	BIN1	pQTL	CBE,DLPFC,FP,IFG,PHG,STG,TCX	NA	ENSG00000130695	CEP85	0.0342857142857143	0.583915499475087	ENSG00000136717_ENSG00000130695
ENSG00000136717	BIN1	pQTL	CBE,DLPFC,FP,IFG,PHG,STG,TCX	NA	ENSG00000225683	PACRG-AS3	0.0271428571428571	0.450937731589176	ENSG00000136717_ENSG00000225683
ENSG00000069399	BCL3	pQTL	CBE,DLPFC,FP,IFG,PHG,STG,TCX	NA	ENSG00000069399	BCL3	1	1	ENSG00000069399_ENSG00000069399
ENSG00000069399	BCL3	pQTL	CBE,DLPFC,FP,IFG,PHG,STG,TCX	NA	ENSG00000142627	EPHA2	0.0771428571428571	0.581813294527272	ENSG00000069399_ENSG00000142627
ENSG00000069399	BCL3	pQTL	CBE,DLPFC,FP,IFG,PHG,STG,TCX	NA	ENSG00000197245	FAM110D	0.284285714285714	0.411431635503548	ENSG00000069399_ENSG00000197245
ENSG00000069399	BCL3	pQTL	CBE,DLPFC,FP,IFG,PHG,STG,TCX	NA	ENSG00000000938	FGR	0.0528571428571429	0.496562692559024	ENSG00000069399_ENSG00000000938
ENSG00000069399	BCL3	pQTL	CBE,DLPFC,FP,IFG,PHG,STG,TCX	NA	ENSG00000213088	ACKR1	0.0428571428571429	0.460542421710362	ENSG00000069399_ENSG00000213088
ENSG00000069399	BCL3	pQTL	CBE,DLPFC,FP,IFG,PHG,STG,TCX	NA	ENSG00000168497	CAVIN2	0.0557142857142857	-0.0329052985788938	ENSG00000069399_ENSG00000168497
ENSG00000069399	BCL3	pQTL	CBE,DLPFC,FP,IFG,PHG,STG,TCX	NA	ENSG00000144802	NFKBIZ	0.0442857142857143	0.597470528769186	ENSG00000069399_ENSG00000144802
ENSG00000069399	BCL3	pQTL	CBE,DLPFC,FP,IFG,PHG,STG,TCX	NA	ENSG00000043462	LCP2	0.0542857142857143	0.530377578609853	ENSG00000069399_ENSG00000043462
ENSG00000069399	BCL3	pQTL	CBE,DLPFC,FP,IFG,PHG,STG,TCX	NA	ENSG00000137193	PIM1	0.0985714285714286	0.636553865760296	ENSG00000069399_ENSG00000137193
ENSG00000069399	BCL3	pQTL	CBE,DLPFC,FP,IFG,PHG,STG,TCX	NA	ENSG00000171056	SOX7	0.0657142857142857	0.328385290394524	ENSG00000069399_ENSG00000171056
ENSG00000069399	BCL3	pQTL	CBE,DLPFC,FP,IFG,PHG,STG,TCX	NA	ENSG00000173848	NET1	0.05	-0.33724107138182	ENSG00000069399_ENSG00000173848
ENSG00000069399	BCL3	pQTL	CBE,DLPFC,FP,IFG,PHG,STG,TCX	NA	ENSG00000107438	PDLIM1	0.0628571428571429	0.60125036181906	ENSG00000069399_ENSG00000107438
ENSG00000069399	BCL3	pQTL	CBE,DLPFC,FP,IFG,PHG,STG,TCX	NA	ENSG00000138166	DUSP5	0.0428571428571429	0.197081437344008	ENSG00000069399_ENSG00000138166
ENSG00000069399	BCL3	pQTL	CBE,DLPFC,FP,IFG,PHG,STG,TCX	NA	ENSG00000077238	IL4R	0.05	0.661710620220028	ENSG00000069399_ENSG00000077238
ENSG00000069399	BCL3	pQTL	CBE,DLPFC,FP,IFG,PHG,STG,TCX	NA	ENSG00000161940	BCL6B	0.06	0.371144813172536	ENSG00000069399_ENSG00000161940
ENSG00000069399	BCL3	pQTL	CBE,DLPFC,FP,IFG,PHG,STG,TCX	NA	ENSG00000184557	SOCS3	0.22	0.696478961798621	ENSG00000069399_ENSG00000184557
ENSG00000069399	BCL3	pQTL	CBE,DLPFC,FP,IFG,PHG,STG,TCX	NA	ENSG00000064932	SBNO2	0.0671428571428571	0.633601589685814	ENSG00000069399_ENSG00000064932
ENSG00000069399	BCL3	pQTL	CBE,DLPFC,FP,IFG,PHG,STG,TCX	NA	ENSG00000105697	HAMP	0.0542857142857143	0.539838970582083	ENSG00000069399_ENSG00000105697
ENSG00000069399	BCL3	pQTL	CBE,DLPFC,FP,IFG,PHG,STG,TCX	NA	ENSG00000105538	RASIP1	0.0671428571428571	0.319475843523867	ENSG00000069399_ENSG00000105538
ENSG00000069399	BCL3	pQTL	CBE,DLPFC,FP,IFG,PHG,STG,TCX	NA	ENSG00000163739	CXCL1	0.0585714285714286	0.502967445882169	ENSG00000069399_ENSG00000163739
ENSG00000085978	ATG16L1	pQTL	CBE,DLPFC,FP,IFG,PHG,STG,TCX	NA	ENSG00000085978	ATG16L1	1	1	ENSG00000085978_ENSG00000085978
ENSG00000085978	ATG16L1	pQTL	CBE,DLPFC,FP,IFG,PHG,STG,TCX	NA	ENSG00000116213	WRAP73	0.0457142857142857	0.373740755177309	ENSG00000085978_ENSG00000116213
ENSG00000085978	ATG16L1	pQTL	CBE,DLPFC,FP,IFG,PHG,STG,TCX	NA	ENSG00000031698	SARS1	0.03	0.546328737396496	ENSG00000085978_ENSG00000031698
ENSG00000085978	ATG16L1	pQTL	CBE,DLPFC,FP,IFG,PHG,STG,TCX	NA	ENSG00000123607	TTC21B	0.07	0.341833154551986	ENSG00000085978_ENSG00000123607
ENSG00000085978	ATG16L1	pQTL	CBE,DLPFC,FP,IFG,PHG,STG,TCX	NA	ENSG00000178467	P4HTM	0.0228571428571429	0.506573825166123	ENSG00000085978_ENSG00000178467
ENSG00000085978	ATG16L1	pQTL	CBE,DLPFC,FP,IFG,PHG,STG,TCX	NA	ENSG00000113555	PCDH12	0.0228571428571429	0.169485887552438	ENSG00000085978_ENSG00000113555
ENSG00000085978	ATG16L1	pQTL	CBE,DLPFC,FP,IFG,PHG,STG,TCX	NA	ENSG00000113240	CLK4	0.0485714285714286	0.26553654012132	ENSG00000085978_ENSG00000113240
ENSG00000085978	ATG16L1	pQTL	CBE,DLPFC,FP,IFG,PHG,STG,TCX	NA	ENSG00000204231	RXRB	0.0342857142857143	0.388157485595607	ENSG00000085978_ENSG00000204231
ENSG00000085978	ATG16L1	pQTL	CBE,DLPFC,FP,IFG,PHG,STG,TCX	NA	ENSG00000146350	TBC1D32	0.0257142857142857	0.039555378338921	ENSG00000085978_ENSG00000146350
ENSG00000085978	ATG16L1	pQTL	CBE,DLPFC,FP,IFG,PHG,STG,TCX	NA	ENSG00000112282	MED23	0.0585714285714286	0.204110769692646	ENSG00000085978_ENSG00000112282
ENSG00000085978	ATG16L1	pQTL	CBE,DLPFC,FP,IFG,PHG,STG,TCX	NA	ENSG00000136270	TBRG4	0.09	0.436907527601561	ENSG00000085978_ENSG00000136270
ENSG00000085978	ATG16L1	pQTL	CBE,DLPFC,FP,IFG,PHG,STG,TCX	NA	ENSG00000253230	LINC00599	0.0342857142857143	0.445854859117883	ENSG00000085978_ENSG00000253230
ENSG00000085978	ATG16L1	pQTL	CBE,DLPFC,FP,IFG,PHG,STG,TCX	NA	ENSG00000182325	FBXL6	0.03	0.28905714012383	ENSG00000085978_ENSG00000182325
ENSG00000085978	ATG16L1	pQTL	CBE,DLPFC,FP,IFG,PHG,STG,TCX	NA	ENSG00000196865	NHLRC2	0.0328571428571429	-0.457218864444765	ENSG00000085978_ENSG00000196865
ENSG00000085978	ATG16L1	pQTL	CBE,DLPFC,FP,IFG,PHG,STG,TCX	NA	ENSG00000166313	APBB1	0.0285714285714286	0.517111574622835	ENSG00000085978_ENSG00000166313
ENSG00000085978	ATG16L1	pQTL	CBE,DLPFC,FP,IFG,PHG,STG,TCX	NA	ENSG00000279696	ENSG00000279696	0.0442857142857143	0.321475384063654	ENSG00000085978_ENSG00000279696
ENSG00000085978	ATG16L1	pQTL	CBE,DLPFC,FP,IFG,PHG,STG,TCX	NA	ENSG00000111206	FOXM1	0.0228571428571429	-0.190188216769658	ENSG00000085978_ENSG00000111206
ENSG00000085978	ATG16L1	pQTL	CBE,DLPFC,FP,IFG,PHG,STG,TCX	NA	ENSG00000111665	CDCA3	0.0242857142857143	0.269039317428131	ENSG00000085978_ENSG00000111665
ENSG00000085978	ATG16L1	pQTL	CBE,DLPFC,FP,IFG,PHG,STG,TCX	NA	ENSG00000196510	ANAPC7	0.0228571428571429	0.356833154057523	ENSG00000085978_ENSG00000196510
ENSG00000085978	ATG16L1	pQTL	CBE,DLPFC,FP,IFG,PHG,STG,TCX	NA	ENSG00000280120	ENSG00000280120	0.0257142857142857	0.135708123043228	ENSG00000085978_ENSG00000280120
ENSG00000085978	ATG16L1	pQTL	CBE,DLPFC,FP,IFG,PHG,STG,TCX	NA	ENSG00000165782	PIP4P1	0.0271428571428571	0.471788853748175	ENSG00000085978_ENSG00000165782
ENSG00000085978	ATG16L1	pQTL	CBE,DLPFC,FP,IFG,PHG,STG,TCX	NA	ENSG00000005194	CIAPIN1	0.0242857142857143	0.560579546197968	ENSG00000085978_ENSG00000005194
ENSG00000085978	ATG16L1	pQTL	CBE,DLPFC,FP,IFG,PHG,STG,TCX	NA	ENSG00000179029	TMEM107	0.0228571428571429	0.0664452746184749	ENSG00000085978_ENSG00000179029
ENSG00000159640	ACE	pQTL	CBE,DLPFC,FP,IFG,PHG,STG,TCX	NA	ENSG00000159640	ACE	1	1	ENSG00000159640_ENSG00000159640
ENSG00000159640	ACE	pQTL	CBE,DLPFC,FP,IFG,PHG,STG,TCX	NA	ENSG00000183317	EPHA10	0.07	0.376651119280194	ENSG00000159640_ENSG00000183317
ENSG00000159640	ACE	pQTL	CBE,DLPFC,FP,IFG,PHG,STG,TCX	NA	ENSG00000174332	GLIS1	0.0328571428571429	0.184941537293426	ENSG00000159640_ENSG00000174332
ENSG00000159640	ACE	pQTL	CBE,DLPFC,FP,IFG,PHG,STG,TCX	NA	ENSG00000081870	HSPB11	0.0471428571428571	0.181930845377694	ENSG00000159640_ENSG00000081870
ENSG00000159640	ACE	pQTL	CBE,DLPFC,FP,IFG,PHG,STG,TCX	NA	ENSG00000249715	FER1L5	0.06	0.311389278663189	ENSG00000159640_ENSG00000249715
ENSG00000159640	ACE	pQTL	CBE,DLPFC,FP,IFG,PHG,STG,TCX	NA	ENSG00000115604	IL18R1	0.0271428571428571	-0.241434905498869	ENSG00000159640_ENSG00000115604
ENSG00000159640	ACE	pQTL	CBE,DLPFC,FP,IFG,PHG,STG,TCX	NA	ENSG00000163040	CCDC74A	0.0271428571428571	0.18731521045065	ENSG00000159640_ENSG00000163040
ENSG00000159640	ACE	pQTL	CBE,DLPFC,FP,IFG,PHG,STG,TCX	NA	ENSG00000164076	CAMKV	0.0328571428571429	0.358339682040843	ENSG00000159640_ENSG00000164076
ENSG00000159640	ACE	pQTL	CBE,DLPFC,FP,IFG,PHG,STG,TCX	NA	ENSG00000153064	BANK1	0.0357142857142857	0.178852978082782	ENSG00000159640_ENSG00000153064
ENSG00000159640	ACE	pQTL	CBE,DLPFC,FP,IFG,PHG,STG,TCX	NA	ENSG00000106236	NPTX2	0.0757142857142857	-0.227985071464427	ENSG00000159640_ENSG00000106236
ENSG00000159640	ACE	pQTL	CBE,DLPFC,FP,IFG,PHG,STG,TCX	NA	ENSG00000128536	CDHR3	0.0271428571428571	0.163555329279471	ENSG00000159640_ENSG00000128536
ENSG00000159640	ACE	pQTL	CBE,DLPFC,FP,IFG,PHG,STG,TCX	NA	ENSG00000176884	GRIN1	0.03	0.411569032311275	ENSG00000159640_ENSG00000176884
ENSG00000159640	ACE	pQTL	CBE,DLPFC,FP,IFG,PHG,STG,TCX	NA	ENSG00000276644	DACH1	0.0342857142857143	0.250420951611479	ENSG00000159640_ENSG00000276644
ENSG00000159640	ACE	pQTL	CBE,DLPFC,FP,IFG,PHG,STG,TCX	NA	ENSG00000165553	NGB	0.0342857142857143	0.332595035294956	ENSG00000159640_ENSG00000165553
ENSG00000159640	ACE	pQTL	CBE,DLPFC,FP,IFG,PHG,STG,TCX	NA	ENSG00000103742	IGDCC4	0.0428571428571429	-0.079650758524841	ENSG00000159640_ENSG00000103742
ENSG00000159640	ACE	pQTL	CBE,DLPFC,FP,IFG,PHG,STG,TCX	NA	ENSG00000183426	NPIPA1	0.0271428571428571	0.155920575635277	ENSG00000159640_ENSG00000183426
ENSG00000159640	ACE	pQTL	CBE,DLPFC,FP,IFG,PHG,STG,TCX	NA	ENSG00000258472	ENSG00000258472	0.0271428571428571	0.169942628640857	ENSG00000159640_ENSG00000258472
ENSG00000159640	ACE	pQTL	CBE,DLPFC,FP,IFG,PHG,STG,TCX	NA	ENSG00000265148	TSPOAP1-AS1	0.0342857142857143	0.250363020699064	ENSG00000159640_ENSG00000265148
ENSG00000159640	ACE	pQTL	CBE,DLPFC,FP,IFG,PHG,STG,TCX	NA	ENSG00000100418	DESI1	0.0328571428571429	-0.0435449148947959	ENSG00000159640_ENSG00000100418
ENSG00000159640	ACE	pQTL	CBE,DLPFC,FP,IFG,PHG,STG,TCX	NA	ENSG00000022267	FHL1	0.0271428571428571	0.190804329964527	ENSG00000159640_ENSG00000022267
ENSG00000159640	ACE	pQTL	CBE,DLPFC,FP,IFG,PHG,STG,TCX	NA	ENSG00000143921	ABCG8	0.0657142857142857	0.399764527560844	ENSG00000159640_ENSG00000143921
